,COMBINED ADDRESS,USE TYPES,# OF UNITS,BUILDING SQFT,LAND SQFT,YEAR BUILT,EFFECTIVE YEAR BUILT
0,"1155 N LA CIENEGA BLVD, NO 1212 WEST HOLLYWOOD CA 90069-2445",Condominium,1,"1,137",,1964,1967
1,10920 SPY GLASS HILL RD WHITTIER CA 90601-1930,Single Family Residence,1,"2,428","25,725",1977,1977
2,1523 DUNSWELL AVE HACIENDA HEIGHTS CA 91745-2726,Single Family Residence,,0,,,
3,7242 BERRY HILL DR RANCHO PALOS VERDES CA 90275-4402,Single Family Residence,1,"2,281","14,952",1961,1963
4,21004 MENDENHALL CT TOPANGA CANYON 90290-0000,Single Family Residence,1,"3,784","12,956",1995,1995
5,11855 COG HILL DR WHITTIER CA 90601-1902,Single Family Residence,1,"2,428","7,035",1979,1979
6,1960 KINCLAIR DR PASADENA CA 91107-1016,Single Family Residence,1,"3,249","26,910",1957,1962
7,5341 S RIMPAU BLVD LOS ANGELES CA 90043-1743,Single Family Residence,1,"2,479","6,400",1929,1929
8,27627 BLACKFOOT CT SAUGUS CA 91384-3569,Single Family Residence,1,"2,293","7,700",1988,1996
9,7400 IMPERIAL HWY DOWNEY CA 90242-3375,Other Property Type,0,"71,241",,1983,1983
10,2645 MONTROSE AVE MONTROSE CA 91020-1311,Single Family Residence,1,"1,160","5,500",1924,1945
11,13653 NELSON AVE LA PUENTE CA 91746-2337,Single Family Residence,1,"1,208","6,014",1955,1960
12,1742 MANOR GATE RD HACIENDA HEIGHTS CA 91745-3837,Single Family Residence,1,"1,604","6,370",1968,1968
13,25205 SAGECREST CIR NEWHALL CA 91381-2231,Single Family Residence,,0,,,
14,2211 PEPPERDALE DR ROWLAND HEIGHTS CA 91748-3231,Single Family Residence,1,"1,968","10,126",1978,1978
15,17700 LILIANA CT ROWLAND HEIGHTS CA 91748-4155,Single Family Residence,1,"1,734","10,716",1984,1984
16,28022 MINARET CT CASTAIC CA 91384-3736,Single Family Residence,1,"1,608","5,445",1994,1994
17,6034 2ND AVE LOS ANGELES CA 90043-4202,Single Family Residence,1,"1,260","4,800",1936,1936
18,20455 THRUST DR WALNUT CA 91789-3558,Single Family Residence,1,"3,245","55,320",1988,1988
19,5346 WELLESLEY DR CALABASAS CA 91302-3108,Single Family Residence,1,"7,078","25,088",1990,1990
20,3437 LA SOMBRA DR LOS ANGELES CA 90068-1511,Single Family Residence,1,"1,457","5,368",1952,1952
21,2055 LAS LOMITAS DR HACIENDA HEIGHTS CA 91745-4131,Single Family Residence,1,"3,493","13,158",1980,1980
22,2050 MONTERA DR HACIENDA HEIGHTS CA 91745-4245,Single Family Residence,1,"1,457","6,272",1977,1977
23,7285 QUILL DR DOWNEY CA 90242-2001,Other Property Type,,0,,,
24,4854 PRESIDIO DR LOS ANGELES CA 90043-1609,Single Family Residence,1,"1,938","7,200",1941,1941
25,1417 N EASTERN AVE LOS ANGELES CA 90063-1014,Single Family Residence,1,"1,548","2,500",1950,1977
26,25541 BURNS PL STEVENSON RANCH CA 91381-1280,Single Family Residence,1,"2,144","3,220",1995,1995
27,28622 MEADOWGRASS DR CASTAIC CA 91384-4329,Single Family Residence,1,"1,562","9,085",1989,1989
28,6030 ROCKNE AVE WHITTIER CALIF 90606-0000,Single Family Residence,,0,,,
29,335 AVENUE E REDONDO BEACH CA 90277-5158,Single Family Residence,1,"2,134","5,500",1950,1980
30,2704 BLAKEMAN AVE ROWLAND HEIGHTS CA 91748-4807,Single Family Residence,1,"1,494","7,200",1961,1972
31,18150 PATHFINDER RD ROWLAND HEIGHTS CA 91748-7700,Other Property Type,,0,,,
32,1060 N EASTERN AVE LOS ANGELES CA 90063-3243,Vacant Land,,0,,,
33,42902 COOLCREST DR LAKE HUGHES CA 93532-1308,Single Family Residence,1,"1,744","10,000",1989,1989
34,15255 METROPOL DR HACIENDA HEIGHTS CA 91745-6186,Single Family Residence,1,"2,617","12,000",1984,1984
35,461 S DOWNEY RD LOS ANGELES CA 90063-1511,Multi-Family Residence,1,"1,728","8,550",1926,1990
36,1328 HELEN DR LOS ANGELES CA 90063-3222,Single Family Residence,1,"1,176","4,365",1955,1964
37,25837 ANDERSON LN STEVENSON RANCH CA 91381-1206,Single Family Residence,1,"1,541","8,670",1993,1993
38,26101 MAGIC MOUNTAIN PKWY VALENCIA CA 91355-1052,Recreational,0,"10,658",,1970,1975
39,4170 ADMIRALTY WY MARINA DEL REY CA 90292-0000,Other Property Type,172,"240,056",,2008,2008
40,27941 STAGELINE RD CASTAIC CA 91384-3564,Single Family Residence,1,"1,512","5,100",1987,1987
41,960 ALTA PINE DR ALTADENA CA 91001-1408,Single Family Residence,1,"2,443","9,000",1948,1985
42,23300 SIERRA HWY NEWHALL CA 91321 SANTA CLARITA CA 91321-0000,Vacant Land,,0,,,
43,925 BEVERLY WAY ALTADENA CA 91001-2513,Single Family Residence,1,"1,301","6,890",1924,1964
44,29117 HIGHPLAINS CT CASTAIC CA 91384-3563,Single Family Residence,1,"1,621","5,100",1987,1987
45,12126 ANTEROS DR AGUA DULCE CA 91390-4671,Single Family Residence,1,"2,970","205,590",1982,1982
46,4500 VIA MARINA MARINA DEL REY CA 90292-7214,Multi-Family Residence,120,"159,253",,2005,2005
47,28002 STURBRIDGE DR CASTAIC CA 91384-3533,Single Family Residence,1,"1,480","5,358",1986,1986
48,14241 PROCTOR AVE LA PUENTE CA 91746-2908,Industrial,1,528,"54,531",1939,1939
49,13302 SAFARI DR WHITTIER CA 90605-2849,Single Family Residence,1,"1,444","5,508",1967,1967
50,15626 LA SUBIDA DR HACIENDA HEIGHTS CA 91745-4523,Single Family Residence,1,"2,106","9,375",1962,1963
51,1500 S MCDONNELL AVE COMMERCE CA 90040-5623,Other Property Type,,0,,,
52,27610 BUCKSKIN DR CASTAIC CA 91384-3551,Single Family Residence,1,"1,512","7,700",1988,1988
53,17045 BRACEWOOD DR HACIENDA HEIGHTS CA 91745-5816,Single Family Residence,1,"2,472","9,486",1979,1981
54,22054 MEYLER ST TORRANCE CA 90502-2203,Condominium,1,"2,083",,1992,1992
55,427 ENCINAL CANYON RD MALIBU CA 90265-2404,Other Property Type,,0,,,
56,1115 E WOODBURY RD PASADENA CA 91104-1335,Single Family Residence,1,"3,736","16,896",1912,1927
57,25312 WELLS CT VALENCIA CA 91381-1510,Single Family Residence,1,"2,591","6,014",1991,1991
58,1345 W 105TH STREET LOS ANGELES CA 90044-0000,Multi-Family Residence,62,"58,808","34,200",2011,2011
59,22442 LA QUILLA DR CHATSWORTH CA 91311-8602,Single Family Residence,,0,,,
60,4020 MONTAIGNE WAY PALOS VERDES PNSLA CA 90274-3940,Single Family Residence,1,"3,104","9,918",1972,1976
61,29835 WESTHAVEN DR AGOURA CA 91301-3029,Single Family Residence,1,"3,560","19,040",1996,1996
62,14957 LITTLEBOY DR ELIZABETH LK CA 93532-1210,Single Family Residence,1,"1,941",,1981,1981
63,1963 E LOMA ALTA DR ALTADENA CA 91001-2141,Single Family Residence,1,"2,292","17,380",1956,1970
64,2530 DUNSWELL AVE LA PUENTE CA 91745-4515,Single Family Residence,1,"2,106","8,260",1963,1970
65,5905 WILSHIRE BLVD LOS ANGELES CA 90036-4504,Other Property Type,,0,,,
66,1605 LA GOLONDRINA AVE ALHAMBRA CA 91803-2704,Single Family Residence,1,"1,127","4,800",1935,1950
67,28649 GREENWOOD PL CASTAIC CA 91384-4318,Single Family Residence,1,"1,959","7,964",1988,1988
68,"18018 FLYNN DR, 5801 SANTA CLARITA CA 91351-0000",Condominium,,0,,,
69,4585 WHITTIER BLVD LOS ANGELES CA 90022-2432,Commercial,0,"19,924","26,700",2015,2015
70,2800 EL TESORO DR HACIENDA HEIGHT CA 91745-5152,Single Family Residence,1,"2,390","12,430",1986,1986
71,3931 LATIGO CANYON RD MALIBU CA 90265-2802,Single Family Residence,,0,"15,552",,
72,25334 KEATS LN VALENCIA CA 91381-1501,Single Family Residence,1,"2,579","6,321",1989,1989
73,1532 W 102ND ST LOS ANGELES CA 90047-4504,Single Family Residence,1,"1,127","8,640",1927,1936
74,4325 CONESTOGA DR LANCASTER CA 93536-6806,Single Family Residence,1,"2,554","39,974",1988,1988
75,15945 LA RONDA CIR HACIENDA HEIGHTS CA 91745-4244,Single Family Residence,1,"1,457","7,140",1977,1977
76,27931 RAINIER RD CASTAIC CA 91384-3715,Single Family Residence,1,"1,981","11,660",1992,1992
77,1601 ROLLING GREENS WAY WHITTIER CA 90601-1001,Vacant Land,,0,"84,972",,
78,24736 FOURL RD SANTA CLARITA CA 91321-3442,Single Family Residence,1,"1,500","8,250",1965,1966
79,28012 RAINIER RD CASTAIC CA 91384-3725,Single Family Residence,1,"1,689","5,488",1993,1993
80,12203 TIGRINA AVE WHITTIER CA 90604-4107,Single Family Residence,1,"1,594","7,150",1962,1962
81,24743 LAURELCREST LN NEWHALL CA 91381-2241,Single Family Residence,1,"2,199","7,128",1988,1988
82,24664 SAGECREST CIR NEWHALL CA 91381-2216,Single Family Residence,1,"3,050","11,895",1987,1988
83,1301 E AVE I SP 250 LANCASTER CA 93535* CA,Manufactured Home-In Park,0,"1,344",,,1990
84,1954 PASO VERDE DR HACIENDA HEIGHTS CA 91745-4944,Single Family Residence,1,"2,469","10,064",1968,1970
85,653 N LA PEER DR W HOLLYWOOD CA 90069-5601,Industrial,1,"7,275",,1956,1957
86,2691 1/2 TURNBULL CANYON RD HACIENDA HEIGHTS CA 91745-5124,Single Family Residence,1,"2,016","37,820",1977,1977
87,3315 E 3RD ST LOS ANGELES CA 90063-3015,Multi-Family Residence,1,"2,491","5,000",1968,1968
88,17773 LILIANA CT ROWLAND HEIGHTS CA 91748-4156,Single Family Residence,1,"2,217","9,600",1984,1984
89,5041 REPETTO AVE LOS ANGELES CA 90022-1960,Other Property Type,0,"10,600",,,
90,2469 248TH ST LOMITA CA 90717-1514,Multi-Family Residence,1,"1,274",,1939,1939
91,10010 ALDEA AVE LOS ANGELES CA 91325-1661,Single Family Residence,1,"2,248","11,036",1960,1962
92,15939 LOS ALTOS DR HACIENDA HEIGHTS CA 91745-5432,Single Family Residence,1,"1,577","7,395",1961,1961
93,1235 HANSFORD AVE WHITTIER CA 90601-1037,Single Family Residence,1,"1,492","7,200",1962,1962
94,4111 VIA MARINA MARINA DEL REY CA 90292-5302,Other Property Type,,0,,,
95,26579 ACADEMY DR PALOS VERDES PNSLA CA 90274-3934,Single Family Residence,1,"3,104","15,872",1972,1976
96,18338 WAKECREST DR MALIBU CA 90265-5619,Single Family Residence,1,"2,500","6,758",1962,1995
97,30420 YOSEMITE DR CASTAIC CA 91384-3726,Single Family Residence,1,"1,817","5,202",1993,1993
98,1707 LA SENDA PL SOUTH PASADENA CA 91030-4926,Multi-Family Residence,2,"1,912",,1924,1924
99,24500 MAIN ST NEWHALL CA 91321 SANTA CLARITA CA 91321-0000,Commercial,,0,"16,632",,
100,1959 SAMARA DR ROWLAND HTS CA 91748-2513,Single Family Residence,1,"3,403","11,376",1987,1987
101,4600 LA CESTA PL LOS ANGELES CA 91356-4816,Single Family Residence,1,"2,876","14,210",1959,1959
102,42902 COOLCREST DR LAKE HUGHES CA 93532-1308,Single Family Residence,1,"1,744","10,000",1989,1989
103,15013 LOS ROBLES AVE HACIENDA HEIGHTS CA 91745-2620,Single Family Residence,1,"1,600","12,300",1960,1960
104,118 E ROSECRANS AVE COMPTON CALIF,Vacant Land,,0,,,
105,14921 S STANFORD AVE COMPTON CA 90220-1154,Multi-Family Residence,108,"94,486",,1973,1973
106,"1000 SAN PASQUAL ST, NO 37 PASADENA CA 91106-3393",Condominium,,0,,,
107,40605 151ST ST E LAKE LOS ANGELES CA 93535-7001,Single Family Residence,1,"1,728","25,721",1988,1988
108,20808 E ARROW HWY COVINA CA 91724-1319,Commercial,0,"23,850",,1964,1964
109,5033 N BONNIE COVE AVE COVINA CA 91724-1202,Single Family Residence,1,"1,056","13,600",1905,1920
110,3225 ANTONIO ST TORRANCE CA 90503-5910,Single Family Residence,1,"1,663","5,500",1955,1957
111,23300 SIERRA HWY NEWHALL CA 91321 SANTA CLARITA CA 91321-0000,Vacant Land,,0,,,
112,19216 ANDMARK AVE CARSON CA 90746-2815,Single Family Residence,1,"2,530","5,000",1963,1964
113,3500 CORNELL RD AGOURA CA 91301-2716,Single Family Residence,1,"3,800","134,750",1981,1981
114,146 W 134TH ST LOS ANGELES CA 90061-1621,Industrial,0,"20,276",,1973,1974
115,19457 ABERT ST ROWLAND HEIGHTS CA 91748-4002,Single Family Residence,1,"1,528","7,560",1974,1974
116,26006 OHARA LN STEVENSON RANCH CA 91381-1109,Single Family Residence,1,"2,616","9,072",1996,1996
117,3551 HOLMES CIR HACIENDA HEIGHTS CA 91745-6175,Single Family Residence,1,"4,520","14,688",1985,1985
118,4035 TWEEDY BLVD SOUTH GATE CA 90280-6135,Other Property Type,,0,,,
119,1937 LA CANA DR LA PUENTE CA 91745-4227,Single Family Residence,1,"1,400","9,384",1963,1963
120,8441 PIONEER BLVD WHITTIER CA 90606-2947,Commercial,,0,,,
121,13837 MOONSTONE WY GARDENA CA 90247-2588,Single Family Residence,1,"2,052",,2005,2005
122,540 LIVE OAK CIRCLE DR CALABASAS CA 91302-2139,Single Family Residence,1,"2,556","35,360",1972,1976
123,14736 BROADWAY WHITTIER CA 90604-1316,Single Family Residence,1,"2,418","14,220",1955,1955
124,1915 KINNELOA CANYON RD PASADENA CA 91107-1029,Single Family Residence,1,"3,474","36,860",1956,1961
125,"10777 WILSHIRE BL, 301 LOS ANGELES CA 90211-0000",Condominium,1,"1,390",,2018,2018
126,25313 CARSON WAY NEWHALL CA 91381-1607,Single Family Residence,1,"2,278","5,390",1990,1990
127,10506 WHITTIER BLVD WHITTIER CA 90606-1337,Commercial,0,"1,760",,1965,1971
128,15525 YUKON AVE LAWNDALE CA 90260-2456,Single Family Residence,1,"1,120","5,355",1953,1953
129,29800 GALLOPING COURT CASTAIC CA 91384-0000,Single Family Residence,1,784,"217,800",1930,1942
130,230 E 130TH ST LOS ANGELES CA 90061-2268,Multi-Family Residence,,0,,,
131,29002 PARADISE RD VAL VERDE CA 91384-2446,Single Family Residence,1,"1,143","6,700",1987,1987
132,1038 W 109TH PL LOS ANGELES CA 90044-1502,Single Family Residence,1,748,"5,400",1926,1936
133,2270 MAYWIND WAY HACIENDA HEIGHTS CA 91745-5517,Single Family Residence,1,"2,020","8,073",1977,1977
134,2313 BARTON LN MONTROSE CA 91020-1223,Condominium,1,"1,514",,1987,1987
135,1401 LOWER PASEO LA CRESTA PALOS VERDES EST CA 90274-2076,Single Family Residence,1,"3,611","26,600",1973,1973
136,14317 LOMITAS AVE LA PUENTE CA 91746-3017,Industrial,,0,,,
137,32760 RANCHO AMERICANA PL ACTON CA 93510-1735,Single Family Residence,1,"2,038","24,420",1989,1989
138,23400 W MOON SHADOWS DR MALIBU CA 90265-3034,Single Family Residence,1,"5,961","22,302",1992,1994
139,16523 S CUZCO AVE COMPTON CA 90221-5119,Single Family Residence,1,776,"5,750",1940,1947
140,20325 TAMARA PL SAUGUS CA 91350-3820,Single Family Residence,1,"1,398","6,160",1994,1994
141,4108 QUINLIN DR PALOS VERDES PNSLA CA 90274-3945,Single Family Residence,1,"3,075","9,750",1971,1971
142,3417 CASCO CT LA PUENTE CA 91745-6607,Single Family Residence,1,"2,780","15,840",1974,1974
143,10736 VALLEY VIEW AVE WHITTIER CA 90604-1757,Institutional,1,"2,731","8,325",1961,1980
144,1520 N DITMAN AVE LOS ANGELES CA 90063-2502,Industrial,0,"33,090",,1970,1970
145,439 COLSTON AVE LA PUENTE CA 91744-6012,Single Family Residence,1,"1,576","6,156",1959,1974
146,1236 E 120TH ST LOS ANGELES CA 90059-2805,Multi-Family Residence,2,"1,680","7,590",1945,1945
147,3835 RAMBOZ DR LOS ANGELES CA 90063-1228,Single Family Residence,1,"2,064","6,324",1924,1970
148,501 GLENDALE BLVD LOS ANGELES CA 90026-5013,Commercial,0,240,,1984,1984
149,1250 E 149TH ST COMPTON CA 90220-1305,Single Family Residence,1,938,"8,235",1953,1953
150,32109 CROWN VALLEY RD ACTON CA 93510-1926,Single Family Residence,1,"2,316","20,250",1933,1940
151,19106 NORMANDIE AVE TORRANCE CA 90502-1010,Industrial,0,"183,404",,1967,1980
152,7607 LA SALLE AVE LOS ANGELES CA 90047-2423,Single Family Residence,1,"1,758","5,200",1924,1946
153,4431 -33 W 169TH ST LAWNDALE CA 90260-3252,Multi-Family Residence,2,"1,768",,1969,1969
154,17860 CALLE AURORA ROWLAND HEIGHTS CA 91748-2535,Single Family Residence,1,"2,795","9,590",1982,1982
155,27639 REDWOOD WAY CASTAIC CA 91384-4120,Single Family Residence,1,"2,535","4,494",1999,1999
156,23318 W PALOMA BLANCA DR MALIBU CA 90265-3021,Single Family Residence,1,"4,287","8,256",1980,1980
157,4333 ADMIRALTY WAY MARINA DEL REY CA 90292-5469,Multi-Family Residence,89,"140,378",,1970,1970
158,7316 COMPTON AVE LOS ANGELES CA,Commercial,,0,,,
159,1942 SAMARA DR ROWLAND HEIGHTS CA 91748-2510,Single Family Residence,1,"4,045","9,660",1986,1986
160,"17600 BURBANK BL, 300 LOS ANGELES CA 91316-1775",Condominium,1,"1,280",,1989,1989
161,8251 E LIVE OAK ST SAN GABRIEL CA 91776-1617,Single Family Residence,1,"1,914","5,000",1984,1984
162,16904 GLENFOLD DR HACIENDA HEIGHTS CA 91745-5723,Single Family Residence,1,"2,212","16,786",1978,1978
163,4007 MEDFORD ST LOS ANGELES CA 90063-1610,Industrial,0,"19,367",,1969,1969
164,15730 AGOSTA DR LA PUENTE CA 91745-5237,Single Family Residence,1,"2,004","8,240",1966,1966
165,26037 SINGER PL STEVENSON RANCH CA 91381-1112,Single Family Residence,1,"1,979","10,602",1997,1997
166,23255 W PALOMA BLANCA DR MALIBU CA 90265-3075,Single Family Residence,1,"4,287","17,200",1980,1980
167,1720 W 126TH ST LOS ANGELES CA 90047-5228,Single Family Residence,1,980,"7,000",1955,1955
168,1717 ELI PL HACIENDA HEIGHTS CA 91745-3760,Single Family Residence,1,"2,289","9,200",1972,1972
169,2929 SISAL PL HACIENDA HEIGHTS CA 91745-5434,Single Family Residence,1,"1,650","11,554",1964,1964
170,24925 WALNUT ST SANTA CLARITA CA 91321-1010,Single Family Residence,1,973,"11,250",1939,1939
171,18975 HONORE ST ROWLAND HEIGHTS CA 91748-3822,Single Family Residence,1,"1,580","6,765",1963,1963
172,15595 LA MOINE ST HACIENDA HEIGHTS CA 91745-5903,Single Family Residence,1,"2,029","10,080",1960,1962
173,2730 CLANFIELD ST ACTON CA 93510-1356,Single Family Residence,1,"2,064","266,310",1986,1986
174,27602 ASHBY CT CASTAIC CA 91384-3518,Single Family Residence,1,"1,480","25,368",1985,1985
175,4500 VIA MARINA MARINA DEL REY CA 90292-7214,Multi-Family Residence,120,"159,253",,2005,2005
176,2631 LA CIENEGA AVE LOS ANGELES CA 90034-2640,Commercial,,0,,,
177,2726 CARICIA DR HACIENDA HEIGHTS CA 91745-0000,Single Family Residence,,0,,,
178,30624 YOSEMITE DR CASTAIC CA 91384-3737,Single Family Residence,1,"1,981","6,612",1995,1995
179,10640 FOUR WINDS RD LITTLEROCK CA 93543-3645,Single Family Residence,1,"2,330","108,900",1990,1990
180,7708 YOUNG AVE ROSEMEAD CA 91770-3440,Single Family Residence,1,"1,277","5,050",1941,1965
181,10839 COLIMA RD WHITTIER CA 90604-1303,Single Family Residence,1,"1,568","8,175",1954,1956
182,3022 STONELEY DR PASADENA CA 91107-5550,Single Family Residence,1,"3,561","8,642",1948,1984
183,810 SEPULVEDA BLVD HARBOR CITY CA 90710-1605,Commercial,0,"1,817",,2006,2006
184,2310 EL BAILE PL HACIENDA HEIGHTS CA 91745-4606,Single Family Residence,1,"1,601","8,075",1962,1964
185,1288 PINE EDGE DR LA HABRA HEIGHTS CA 90631-8506,Single Family Residence,1,"4,381","21,080",1963,1970
186,11719 WASHINGTON BLVD WHITTIER CA 90606-2613,Industrial,0,"2,530",,1959,1959
187,538 FRANDALE AVE LA PUENTE CA 91744-4115,Single Family Residence,1,"1,856","7,616",1960,1962
188,20470 E RANCHO LOS CERRITOS RD COVINA CA 91724-3527,Single Family Residence,1,"3,019","35,096",1955,1965
189,15000 S AVALON BLVD GARDENA CA 90248-2035,Industrial,0,"61,120",,1980,1980
190,7817 SUN LN SO SAN GABRIEL CA 91770-3590,Condominium,1,"1,637","3,285",1987,1987
191,19600 WILMINGTON AVE DOMINGUEZ CA 90746-2574,Industrial,0,"25,689","57,514",1978,1978
192,2514 FAIRGREEN AVE MONROVIA CA 91016-4916,Single Family Residence,1,"1,668","10,500",1947,1962
193,27424 SUNNYRIDGE RD PALOS VERDES PNSLA CA 90274-4039,Single Family Residence,1,"3,396","29,164",1958,1990
194,24255 PACIFIC COAST HWY MALIBU CA 90263-3999,Institutional,0,"91,005",,2003,2003
195,4441 LA CRESCENTA AVE LA CRESCENTA CA 91214-3526,Commercial,0,"10,800","10,912",1981,1981
196,1601 SINALOA AVE PASADENA CA 91104-1529,Multi-Family Residence,1,760,,1946,1948
197,13645 ALBURTIS AVE NORWALK CA 90650-3957,Single Family Residence,1,"1,167","5,200",1949,1950
198,"9000 3RD STREET, 404 LOS ANGELES CA 90048-0000",Condominium,1,"1,640",,2018,2018
199,16248 PLACID DR WHITTIER CA 90604-3914,Single Family Residence,1,"1,483","6,615",1962,1962
200,2050 SALEROSO DR ROWLAND HEIGHTS CA 91748-4184,Single Family Residence,1,"2,911","15,168",1985,1985
201,4618 N GLEN ARDEN AVE COVINA CA 91724-2318,Single Family Residence,1,"1,450","10,241",1958,1958
202,16767 DAWN HAVEN RD HACIENDA HEIGHTS CA 91745-5614,Single Family Residence,1,"2,470","7,526",1977,1977
203,15743 CARACOL DR HACIENDA HEIGHTS CA 91745-5241,Single Family Residence,1,"2,545","8,320",1965,1965
204,16768 LOUKELTON ST LA PUENTE CA 91744-3324,Single Family Residence,1,"1,762","6,060",1957,1970
205,30188 MULHOLLAND HWY AGOURA CA 91301-3107,Institutional,0,"2,864","151,200",1972,1972
206,5922 LOCKHEED AVE WHITTIER CA 90606-1035,Single Family Residence,1,958,"5,000",1941,1942
207,16613 VASQUEZ CANYON RD CANYON COUNTRY CA 91351-1434,Single Family Residence,1,"3,198","271,200",1984,1984
208,20037 SQUIRE DR COVINA CA 91724-3572,Single Family Residence,1,"1,962","12,120",1956,1962
209,28909 AVENUE WILLIAMS VALENCIA CA 91355-4183,Industrial,0,"72,458",,2003,2003
210,12225 AVALON BLVD LOS ANGELES CA 90061-2811,Commercial,0,690,"15,147",1940,1940
211,35930 85TH ST E LITTLEROCK CA 93543-2619,Single Family Residence,1,636,"35,464",1947,1947
212,1008 LA PRESA AVE ROSEMEAD CA 91770-3722,Single Family Residence,1,"1,692","5,700",1976,1976
213,3381 GARDEN TERRACE LN HACIENDA HEIGHTS CA 91745-6245,Single Family Residence,1,"2,717","5,920",1975,1977
214,3051 COUNTRY CLUB DR GLENDALE CA 91208-1711,Single Family Residence,1,"2,733","12,446",1940,1973
215,1930 E VIA ARADO RANCHO DOMINGUEZ CA 90220-6103,Industrial,0,"84,620",,1970,1970
216,21700 S VERMONT AVE CARSON CA 90502-2109,Commercial,0,960,,1986,1990
217,19154 SAN JOSE AVE LA PUENTE CA 91748-1415,Industrial,1,"9,936","24,750",1978,1978
218,9344 TARRYTON AVE WHITTIER CA 90605-2543,Single Family Residence,1,"1,144","6,188",1951,1953
219,18150 PATHFINDER RD ROWLAND HEIGHTS CA 91748-7700,Other Property Type,,0,,,
220,14932 ANOLA ST WHITTIER CA 90604-2032,Single Family Residence,1,"1,134","6,060",1955,1955
221,11321 CAMINO DEL SOL AGUA DULCE CA 91390-2893,Single Family Residence,1,"4,415","140,400",1979,1986
222,"2160 CENTURY PARK E, NO 1403 LOS ANGELES CA 90067-2228",Condominium,1,815,,1966,1966
223,2017 FIRESTONE BLVD LOS ANGELES 01 CA 90001-4127,Commercial,,0,,,
224,5510 S CORNING AVE LOS ANGELES CA 90056-1303,Single Family Residence,1,"2,093","8,680",1956,1959
225,1905 WORKMAN MILL RD WHITTIER CALIF 90601-0000,Single Family Residence,,0,,,
226,14504 EADBROOK DR HACIENDA HEIGHTS CA 91745-2538,Single Family Residence,1,"1,914","13,040",1968,1968
227,232 E ALLENHURST ST LOS ANGELES CA 90061-2128,Single Family Residence,1,"1,621","5,250",1964,1964
228,9100 SIERRA HWY SANTA CLARITA CA 91390-4618,Single Family Residence,1,"3,047","883,080",1956,1956
229,2912 SISAL PL HACIENDA HEIGHTS CA 91745-5434,Single Family Residence,1,"1,906","13,072",1964,1964
230,20115 LAKE CANYON DR WALNUT CA 91789-3546,Single Family Residence,1,"2,023","16,900",1973,1973
231,9226 LAUREL AVE WHITTIER CA 90605-2513,Single Family Residence,1,"1,144","6,032",1951,1951
232,245 1/2 SAN ANGELO LA PUENTE CA 91746-0000,Other Property Type,0,"3,207","157,140",2015,2015
233,4228 VIA PADOVA CLAREMONT CA 91711-1429,Single Family Residence,1,"2,082","25,290",1949,1956
234,3101 CAPA DR LA PUENTE CA 91745-6501,Single Family Residence,1,"5,329","22,161",1971,1978
235,"6250 HOLLYWOOD BL, 8E LOS ANGELES CA 90028-0000",Condominium,1,"1,320",,2009,2009
236,28011 MINARET CT CASTAIC CA 91384-3736,Single Family Residence,1,"1,608","8,118",1995,1995
237,17015 ROYAL VIEW RD HACIENDA HEIGHTS CA 91745-5751,Single Family Residence,1,"1,635","6,528",1977,1978
238,8825 BEACH ST LOS ANGELES CA 90002-1424,Industrial,0,"66,000","79,800",2004,2004
239,"100 S DOHENY DR, NO 41 LOS ANGELES CA 90048-2955",Condominium,1,"1,506",,1971,1976
240,5823 EDMUND AVE LA CRESCENTA CA 91214-1514,Single Family Residence,1,"2,941","7,500",1958,1983
241,20415 RANCE DR WALNUT CA 91789-0000,Single Family Residence,,0,,,
242,1126 N HAZARD AVE EAST LOS ANGELES CA 90063-1258,Other Property Type,,0,,,
243,3821 MARKS RD AGOURA HILLS CA 91301-3648,Single Family Residence,1,"7,092","65,520",1990,1993
244,27447 EASTVALE RD PALOS VERDES PNSLA CA 90274-4018,Single Family Residence,1,"3,220","16,268",1957,1990
245,41600 LAKE HUGHES RD LAKE HUGHES CA 93532-1011,Institutional,0,252,,1964,1964
246,245 GRAND AVE LONG BEACH CA 90803-6124,Single Family Residence,1,"2,241","6,500",1920,1972
247,2816 JURADO AVE HACIENDA HEIGHTS CA 91745-5934,Single Family Residence,1,"1,636","9,563",1973,1973
248,14374 TELEGRAPH RD WHITTIER CA 90604-2907,Commercial,,0,,,
249,13123 ANDY ST CERRITOS CA 90703-6121,Single Family Residence,1,"1,110","5,050",1971,1971
250,4915 WEST BLVD LOS ANGELES CA 90043-2301,Single Family Residence,1,"2,070","7,980",1930,1931
251,4018 CITY TERRACE DR LOS ANGELES CA 90063-1242,Commercial,0,"6,106",,1938,1968
252,2557 SALEROSO DR ROWLAND HEIGHTS CA 91748-4103,Single Family Residence,1,"2,179","17,820",1985,1985
253,23235 W PALOMA BLANCA DR MALIBU CA 90265-3075,Single Family Residence,1,"4,311","19,040",1980,1980
254,1638 BANIDA AVE ROWLAND HTS CA 91748-2345,Single Family Residence,1,"1,680","5,916",1977,1977
255,9352 LOST VALLEY RANCH RD LEONA VALLEY 93551-7612,Single Family Residence,1,"2,902",,1990,1990
256,3834 E 3RD ST LOS ANGELES CA 90063-2404,Commercial,0,"1,898",,1967,1974
257,6564 2ND AVE LOS ANGELES CA 90043-4504,Single Family Residence,1,737,"4,800",1924,1924
258,4019 MEDFORD ST LOS ANGELES CA 90063-1610,Industrial,0,"25,555",,1953,1955
259,3044 N MOUNT CURVE AVE ALTADENA CA 91001-1755,Single Family Residence,1,"2,963","13,140",1941,1941
260,1770 E 118TH ST LOS ANGELES CA 90059-2518,Multi-Family Residence,1,"2,820","10,800",1993,1993
261,14227 SYRACUSE DR WHITTIER CA 90604-2933,Single Family Residence,1,"1,346","15,000",1955,1964
262,28758 MAUCH ST SAUGUS CA 91390-1276,Single Family Residence,1,"2,512","7,616",1989,1989
263,149 S KERN AVE LOS ANGELES CA 90022-1626,Single Family Residence,1,"1,544","2,875",1954,1972
264,31812 2ND ST ACTON CA 93510-1905,Single Family Residence,,0,,,
265,4613 EUGENE ST LOS ANGELES CA 90022-1223,Multi-Family Residence,1,"1,278",,1914,1914
266,3039 E ANA ST COMPTON CA 90221-5604,Industrial,0,"56,611",,1969,1972
267,1778 ALVIRA ST LOS ANGELES CA 90035-4613,Single Family Residence,1,"2,037","7,722",1932,1965
268,5200 WHITTIER BLVD LOS ANGELES CA 90022-4013,Commercial,0,"1,696",,1971,1971
269,4555 W AVENUE 40 LOS ANGELES CA 90065-4942,Single Family Residence,1,"1,064","6,175",1936,1940
270,341 E ALONDRA BLVD GARDENA CA 90248-2809,Industrial,0,"12,744",,1969,1972
271,219 LA BONITA RD DIAMOND BAR CA 91765-1620,Single Family Residence,1,"1,456","8,640",1959,1959
272,16504 BLACKWOOD ST VALINDA CA 91744-2303,Single Family Residence,1,"1,244","7,038",1962,1962
273,20021 ARMINTA ST LOS ANGELES CA 91306-2303,Single Family Residence,1,"1,874","6,375",1966,1966
274,3315 HEATHER FIELD DR HACIENDA HEIGHTS CA 91745-6138,Single Family Residence,1,"3,219","14,000",1974,1995
275,1132 S LA BREA AVE LOS ANGELES CA 90019-6907,Commercial,0,"1,600",,1985,1985
276,3110 SUMMIT POINTE DR TOPANGA CANYON 90290-0000,Single Family Residence,1,"4,000","19,402",1993,1993
277,18131 VALLEY BLVD LA PUENTE CA 91744-5843,Other Property Type,1,"15,672",,1968,1968
278,13119 S BROADWAY LOS ANGELES CA 90061-1121,Industrial,0,"4,500",,1963,1963
279,4719 E COMPTON BLVD COMPTON CA 90221-3158,Commercial,0,"2,102",,1949,1949
280,23412 W MOON SHADOWS DR MALIBU CA 90265-3029,Single Family Residence,1,"2,732","16,720",1985,1985
281,22550 LA ROCHELLE DR SANTA CLARITA CA 91350-1309,Single Family Residence,1,"1,788","9,600",1960,1960
282,3733 MEDEA CREEK RD AGOURA CA 91301-0000,Single Family Residence,,0,,,
283,4500 VIA MARINA MARINA DEL REY CA 90292-7214,Multi-Family Residence,120,"159,253",,2005,2005
284,2388 W 29TH PL LOS ANGELES CA 90018-2944,Single Family Residence,1,"1,012","1,640",1923,1923
285,4262 SERENE AVE QUARTZ HILL CA 93536-3429,Single Family Residence,1,"2,224","8,058",2000,2000
286,3235 CABO BLANCO DR LA PUENTE CA 91745-6604,Single Family Residence,1,"2,493","16,640",1973,1973
287,4242 SERENE AVE LANCASTER CA 93536-3429,Single Family Residence,1,"2,690","8,058",2000,2000
288,1645 S MONTE VIENTO ST MALIBU CA 90265-3024,Single Family Residence,1,"2,692","17,700",1986,1986
289,1307 E LONGDEN AVE ARCADIA CA 91006-5501,Institutional,1,"9,864","33,200",1950,1950
290,2221 CLANFIELD ST ACTON CA 93510-1407,Single Family Residence,1,"2,011","108,900",1988,1988
291,17802 PAQUITA DR ROWLAND HEIGHTS CA 91748-4342,Single Family Residence,1,"1,818","32,616",1971,1971
292,11044 ACAMA ST NORTH HOLLYWOOD CALIF 91602-0000,Multi-Family Residence,,0,,,
293,1335 E 103RD ST LOS ANGELES CA 90002-3303,Other Property Type,,0,,,
294,1440 DELAMERE DR ROWLAND HEIGHTS CA 91748-2429,Single Family Residence,1,"2,324","8,715",1972,1985
295,4700 RAMONA BLVD MONTEREY PARK CA 91754-0000,Commercial,,0,,,
296,"10777 WILSHIRE BL, 301 LOS ANGELES CA 90211-0000",Condominium,1,"1,390",,2018,2018
297,1640 DELAMARE DR WHITTIER CA 90601-1051,Single Family Residence,1,"3,098","9,225",1977,1977
298,"25837 DICKENS CT, NO 19 STEVENSON RANCH CA 91381-1221",Single Family Residence,1,"1,854","3,570",1989,1989
299,30 N ROSEMEAD BLVD PASADENA CA 91107-3804,Commercial,0,"2,153","10,700",1964,1970
300,2228 DEEPGROVE AVE ROWLAND HEIGHTS CA 91748-4207,Single Family Residence,1,"1,884","8,832",1965,1966
301,19007 REYES AVE COMPTON CALIF 90224-0000,Industrial,,0,,,
302,3800 WHITTIER BLVD LOS ANGELES CA 90023-2402,Commercial,0,"6,000",,1923,1934
303,8541 DUARTE RD SAN GABRIEL CA 91775-1137,Single Family Residence,1,"2,540","10,656",1949,1955
304,13265 HOIG ST BASSETT CA 91746-2242,Single Family Residence,1,"2,200","5,568",1979,1979
305,8825 BEACH ST LOS ANGELES CA 90002-1424,Industrial,0,"66,000","79,800",2004,2004
306,5511 W 64TH ST LOS ANGELES CA 90056-2234,Single Family Residence,1,"3,276","9,375",1961,1961
307,1220 HANSFORD AVE WHITTIER CA 90601-1036,Single Family Residence,1,"1,614","7,242",1962,1962
308,18521 RIO SECO DR ROWLAND HEIGHTS CA 91748-2041,Multi-Family Residence,4,"3,650","6,120",1964,1964
309,4337 N SUNFLOWER AVE COVINA CA 91724-2326,Institutional,0,"4,448","52,800",1989,1989
310,5451 W 117TH ST INGLEWOOD CA 90304-1048,Single Family Residence,1,"1,677","6,885",1940,1995
311,2327 KINCLAIR DR PASADENA CA 91107-1000,Single Family Residence,1,"5,153","93,420",2005,2005
312,11149 ALLERTON ST WHITTIER CA 90606-1801,Single Family Residence,1,"1,515","5,408",1949,1971
313,9525 GUNN AVE WHITTIER CA 90605-2623,Single Family Residence,1,"1,716","6,050",1952,1960
314,20557 SUMMERTOWN ST WALNUT CA 91789-3628,Single Family Residence,1,"2,325","10,010",1975,1975
315,280 N CRAIG AVE PASADENA CA 91107-3211,Single Family Residence,1,938,"3,800",1924,1926
316,4478 W 62ND ST LOS ANGELES CA 90043-3508,Single Family Residence,1,"2,159","6,600",1936,1936
317,15587 ADELHART ST LA PUENTE CA 91745-4510,Single Family Residence,1,"2,683","9,072",1964,1964
318,7601 IMPERIAL HWY DOWNEY CA 90242-3456,Other Property Type,,0,,,
319,13915 LA CUARTA ST WHITTIER CA 90602-2647,Single Family Residence,1,"1,763","6,048",1951,1955
320,213 S MEDNIK AVE LOS ANGELES 22 CA 90022-1607,Industrial,,0,,,
321,1970 E GLADWICK ST DOMINGUEZ CA 90220-6201,Industrial,0,"18,144",,1972,1972
322,848 ARCIERO DR WHITTIER CA 90601-1111,Single Family Residence,1,"1,943","7,920",1966,1966
323,20560 STARSHINE RD WALNUT CA 91789-3541,Single Family Residence,1,"2,265","13,596",1974,1974
324,40855 27TH ST W PALMDALE CA 93551-2410,Single Family Residence,1,"2,524","102,630",1985,1985
325,16033 VILLA FLORES DR HACIENDA HEIGHTS CA 91745-5441,Single Family Residence,1,"1,849","9,737",1963,1963
326,14562 VALLEY BLVD LA PUENTE CA 91746-2919,Commercial,0,"1,680",,1972,1972
327,1000 E CARSON ST LONG BEACH CA 90807-3634,Multi-Family Residence,8,"5,768",,1948,1948
328,540 W WOODBURY RD ALTADENA CALIF 91001-0000,Commercial,,0,,,
329,1231 SUNBIRD AVE LA HABRA CA 90631-8340,Single Family Residence,1,"2,229","10,170",1958,1970
330,20152 PATRICIA PL SAUGUS CA 91350-3834,Single Family Residence,1,"2,049","7,200",1999,2000
331,1421 BANIDA AVE ROWLAND HEIGHTS CA 91748-2329,Single Family Residence,1,"1,091","6,300",1961,1961
332,12400 E IMPERIAL HWY NORWALK CA 90650-0000,Commercial,,0,,,
333,101 PEBBLY BEACH RD AVALON CA 90704-3083,Commercial,0,344,,1946,1946
334,4065 OVERCREST DR WHITTIER CA 90601-1787,Single Family Residence,1,"2,698","9,590",1984,1984
335,"3800 STOCKER ST, NO 1 LOS ANGELES CA 90008-5119",Condominium,1,"1,559",,1984,1984
336,1401 LOWER PASEO LA CRESTA PALOS VERDES EST CA 90274-2076,Single Family Residence,1,"3,611","26,600",1973,1973
337,5524 W 124TH ST HAWTHORNE CA 90250-3448,Single Family Residence,1,"1,327","4,968",1950,1970
338,4213 E COMPTON BLVD COMPTON CA 90221-3664,Industrial,0,"1,000",,1960,1960
339,200 W WOODWARD AVE ALHAMBRA CA 91801-3459,Other Property Type,,0,,,
340,1930 E VIA ARADO RANCHO DOMINGUEZ CA 90220-6103,Industrial,0,"84,620",,1970,1970
341,"250 W BONITA AVE, 250 POMONA CA 91767-1863",Commercial,0,"1,050",,2008,2008
342,482 S SYDNEY DR LOS ANGELES CA 90022-1523,Multi-Family Residence,1,486,"6,750",1922,1923
343,15331 REGALADO ST HACIENDA HEIGHTS CA 91745-4434,Single Family Residence,1,"1,768","10,640",1965,1967
344,4500 VIA MARINA MARINA DEL REY CA 90292-7214,Multi-Family Residence,120,"159,253",,2005,2005
345,23411 W MOON SHADOWS DR MALIBU CA 90265-3027,Single Family Residence,1,"2,820","19,800",1986,1986
346,29310 THE OLD RD CASTAIC CA 91384-2905,Other Property Type,,0,,,
347,5837 ESPERANZA AVE WHITTIER CA 90606-1003,Single Family Residence,1,"1,554","5,415",1910,1916
348,20005 ALBURTIS AVE LAKEWOOD CA 90715-1027,Single Family Residence,1,"1,050","5,400",1956,1956
349,"600 E DORAN ST, UNIT 600 GLENDALE CA 91206-2347",Condominium,1,"1,782",,1983,1983
350,26516 BASSWOOD AVE RNCHO PALOS VRDS CA 90275-2202,Single Family Residence,1,"2,278","15,326",1966,1966
351,4874 W 134TH ST HAWTHORNE CA 90250-5057,Single Family Residence,1,768,"4,386",1944,1944
352,4500 VIA MARINA MARINA DEL REY CA 90292-7214,Multi-Family Residence,120,"159,253",,2005,2005
353,11206 LA SALLE AVE LOS ANGELES CA 90047-4841,Single Family Residence,1,"2,489","5,000",1947,1961
354,4918 PRESIDIO DR LOS ANGELES CA 90043-1638,Single Family Residence,1,"1,653","7,440",1939,1950
355,1806 WALNUT LEAF DR WALNUT CA 91789-3649,Single Family Residence,1,"2,581","11,160",1975,1975
356,9751 CALMADA AVE WHITTIER CA 90605-2921,Single Family Residence,1,"1,029","6,954",1952,1952
357,16012 VILLA FLORES DR HACIENDA HEIGHTS CA 91745-5461,Single Family Residence,1,"2,441","9,163",1963,1963
358,12603 S BROADWAY LOS ANGELES CA 90061-1212,Other Property Type,,0,,,
359,21007 E MESARICA RD COVINA CA 91724-3315,Single Family Residence,1,"2,664","31,300",1958,1958
360,12502 E AVENUE V-10 PEARBLOSSOM CA 93553-0000,Single Family Residence,1,"1,152","37,625",1997,1997
361,3347 GRAYBURN RD PASADENA CA 91107-4625,Single Family Residence,1,"1,943","7,150",1950,1955
362,7934 2ND ST DOWNEY CA 90241-3210,Single Family Residence,1,"2,123","6,700",1939,1965
363,13820 LA MIRADA BLVD LA MIRADA CA 90638-3029,Other Property Type,,0,,,
364,2135 CARLY CT ROWLAND HEIGHTS CA 91748-3258,Single Family Residence,1,"2,344","11,475",1981,1981
365,15131 POLLY AVE LAWNDALE CA 90260-2446,Single Family Residence,1,"1,240","5,133",1977,1977
366,1805 PASEO AZUL ROWLAND HEIGHTS CA 91748-2522,Single Family Residence,1,"2,637","7,770",1980,1980
367,7927 CHATFIELD AVE WHITTIER CA 90606-2403,Industrial,0,"3,312",,1977,1977
368,14605 S MAIN ST GARDENA CA 90248-1916,Industrial,1,"34,282",,1980,1980
369,3944 S SYCAMORE AVE LOS ANGELES CA 90008-1142,Single Family Residence,1,"1,383","8,442",1947,1953
370,9355 BURTON WAY BEVERLY HILLS CA 90210-3625,Other Property Type,,0,"37,700",,
371,18003 GALATINA ST LA PUENTE CA 91748-4217,Single Family Residence,1,"1,884","9,072",1966,1966
372,1615 LARKVANE RD ROWLAND HEIGHTS CA 91748-1829,Single Family Residence,1,"2,075","5,885",1978,1978
373,4333 ADMIRALTY WAY MARINA DEL REY CA 90292-5469,Multi-Family Residence,89,"140,378",,1970,1970
374,1510 CRONIN DR ROWLAND HEIGHTS CA 91748-2458,Single Family Residence,1,"1,902","5,700",1976,1976
375,500 W TEMPLE ST LOS ANGELES CA 90012-2706,Other Property Type,,0,,,
376,822 N HAZARD AVE EAST LOS ANGELES CA 90063-3348,Institutional,108,"81,946",,1968,1968
377,3324 EL SEBO AVE HACIENDA HEIGHTS CA 91745-6132,Single Family Residence,1,"2,179","9,920",1970,1970
378,4304 EUGENE ST EAST LOS ANGELES CA 90022-1416,Other Property Type,,0,,,
379,20347 PORTSIDE DR WALNUT CA 91789-4601,Single Family Residence,1,"1,647","12,730",1985,1985
380,13125 ACORO PL CERRITOS CA 90703-8601,Single Family Residence,1,"2,340","5,400",1968,1970
381,150 LA PORTE ST ARCADIA CA 91006-2832,Multi-Family Residence,1,624,,1950,1950
382,126 E 126TH ST LOS ANGELES CA 90061-2313,Single Family Residence,1,"1,260","18,909",1923,1923
383,31978 SAINT ANNE DR LLANO CA 93544-1206,Single Family Residence,1,"3,464",,1979,1979
384,2644 PALM PL SOUTH GATE CA 90280-2018,Multi-Family Residence,1,770,,1923,1923
385,19437 CAMERON AVE COVINA CA 91724-3929,Single Family Residence,1,"2,499","33,200",1952,1952
386,3835 WHITTIER BLVD LOS ANGELES CA 90023-2430,Commercial,0,"6,144","4,250",1922,1950
387,3023 ALLENTON AVE HACIENDA HEIGHTS CA 91745-5410,Single Family Residence,1,"2,314","10,185",1963,1964
388,"18112 ERIK CT, NO 5127 CANYON COUNTRY CA 91387-4951",Condominium,1,"1,008",,1990,1990
389,26943 EASTVALE RD PALOS VERDES PEN CA 90274-4057,Single Family Residence,1,"4,513","21,280",1950,1985
390,2134 KINGS VIEW DR HACIENDA HEIGHTS CA 91745-5728,Single Family Residence,1,"3,471","19,872",1977,1985
391,400 W 157TH ST GARDENA CA 90248-2119,Industrial,1,"59,045",,1998,1998
392,10078 JIMENEZ ST LOS ANGELES CA 91342-7028,Single Family Residence,1,"1,457","10,368",1958,1958
393,3949 DENNISON ST LOS ANGELES CA 90023-2434,Commercial,0,"1,738","19,500",1971,1971
394,665 RUTHCREST AVE VALINDA CA 91744-4117,Single Family Residence,1,"1,290","6,215",1959,1960
395,13195 1/2 BROMONT AVE LOS ANGELES CA 91342-0385,Condominium,1,"1,172",,1974,1974
396,1477 BELGREEN DR WHITTIER CA 90601-1043,Single Family Residence,1,"3,471","13,578",1992,1992
397,20107 ZIMMERMAN PL SAUGUS CA 91390-1275,Single Family Residence,1,"1,767","5,650",1989,1989
398,2429 PECK RD WHITTIER CA 90601-1605,Commercial,0,"128,709",,1978,1978
399,810 GLADSTONE ST LA VERNE CA 91750-3834,Multi-Family Residence,1,"1,392","18,368",1949,1955
400,"2120 LA CANADA CREST DR, APT 1 LA CANADA FLT CA 91011-1911",Multi-Family Residence,4,"6,457",,1967,1967
401,1981 LA MESITA DR LA PUENTE CA 91745-4010,Single Family Residence,,0,,,
402,11309 213TH ST LAKEWOOD CA 90715-2007,Single Family Residence,1,"1,074","5,100",1961,1961
403,1320 E IMPERIAL AVE EL SEGUNDO CA 90245-2622,Commercial,0,"11,494",,1962,1962
404,1912 LA MESITA DR HACIENDA HTS CA 91745-4009,Single Family Residence,1,"3,652","57,120",1976,1976
405,2408 MATADOR DR ROWLAND HEIGHTS CA 91748-4347,Single Family Residence,1,"1,818","7,200",1970,1970
406,5176 ALHAMBRA AVE LOS ANGELES CA 90032-3409,Industrial,0,"3,496","15,000",1939,1939
407,24925 WALNUT ST SANTA CLARITA CA 91321-1010,Single Family Residence,1,973,"11,250",1939,1939
408,270 W HARRIET ST ALTADENA CA 91001-4663,Single Family Residence,1,"1,326","7,500",1927,1927
409,1231 LANCEWOOD AVE HACIENDA HEIGHTS CA 91745-0000,Single Family Residence,,0,,,
410,5309 W 123RD ST HAWTHORNE CA 90250-3420,Single Family Residence,1,"1,488","5,060",1950,1953
411,15055 MULBERRY DR WHITTIER CA 90604-1528,Commercial,0,"30,567","86,850",1969,2014
412,15613 GARD AVE NORWALK CA 90650-6307,Single Family Residence,1,"1,051","5,150",1949,1950
413,4170 ADMIRALTY WY MARINA DEL REY CA 90292-0000,Other Property Type,172,"240,056",,2008,2008
414,11942 SIERRA SKY DR WHITTIER CA 90601-1917,Single Family Residence,1,"3,073","69,654",1978,1978
415,2800 MANAGUA PL HACIENDA HEIGHTS CA 91745-5312,Single Family Residence,1,"2,112","9,471",1961,1970
416,28310 LIVINGSTON AVE VALENCIA CA 91355-4170,Industrial,0,"152,070",,1999,1999
417,29525 AGOURA RD AGOURA HILLS CA 91301-2505,Other Property Type,,0,,,
418,40469 CHIP CT PALMDALE CA 93551-2654,Vacant Land,,0,,,
419,3466 FLORESTA AVE LOS ANGELES CA 90043-1812,Single Family Residence,1,"1,286","6,104",1928,1928
420,19343 PILARIO ST ROWLAND HEIGHTS CA 91748-3142,Single Family Residence,1,"1,480","6,700",1966,1966
421,5301 WHITTIER BLVD LOS ANGELES CA 90022-4038,Commercial,,0,,,
422,8773 CATTARAUGUS AVE LOS ANGELES CA 90034-2535,Single Family Residence,1,898,"2,125",1940,1940
423,15737 AGOSTA DR HACIENDA HEIGHTS CA 91745-5239,Single Family Residence,1,"1,919","8,964",1965,1965
424,8453 ELM AVE SAN GABRIEL CA 91775-2545,Single Family Residence,1,"1,370","7,500",1930,1948
425,2940 HARMONY PL LA CRESCENTA CA 91214-2050,Single Family Residence,1,"2,523","22,448",1963,1963
426,216 W VICTORIA ST CARSON CA 90248-3525,Other Property Type,,0,,,
427,415 E SIERRA MADRE BLVD SIERRA MADRE CA 91024-2671,Single Family Residence,1,"1,893","6,000",1952,1974
428,5837 ESPERANZA AVE WHITTIER CA 90606-1003,Single Family Residence,1,"1,554","5,415",1910,1916
429,1995 SAMARA DR ROWLAND HTS CA 91748-2513,Single Family Residence,1,"3,190","18,180",1987,1987
430,20340 BICKFORD DR WALNUT CA 91789-3556,Single Family Residence,1,"2,668","33,286",1988,1988
431,17907 LA SALLE AVE GARDENA CA 90248-3604,Single Family Residence,1,812,,1952,1952
432,5236 POMONA BLVD LOS ANGELES CA 90022-1713,Commercial,0,625,,1962,1962
433,29050 OLD ADOBE LN SANTA CLARITA CA 91354-1552,Single Family Residence,1,"3,246","7,000",2004,2004
434,4017 OVERCREST DR WHITTIER CA 90601-1787,Single Family Residence,1,"2,795","7,952",1984,1986
435,28817 BELLOWS CT SANTA CLARITA CA 91354-1114,Single Family Residence,1,"2,986","5,916",2011,2011
436,3106 HILL ST HUNTINGTON PARK CA 90255-6426,Single Family Residence,1,"1,207","6,480",1926,1926
437,1318 SIMMONS AVE LOS ANGELES CA 90022-4219,Single Family Residence,1,775,"4,000",1928,1928
438,2303 NORWIC PL ALTADENA CA 91001-2566,Single Family Residence,1,"1,584","7,000",1925,1935
439,4033 OVERCREST DR WHITTIER CA 90601-1787,Single Family Residence,1,"2,495","9,856",1984,1984
440,5116 PARKGLEN AVE LOS ANGELES CA 90043-1031,Single Family Residence,1,"1,641","5,985",1941,1944
441,12726 S WESTERN AVE LOS ANGELES CA 90047-5253,Commercial,0,"1,860",,1960,1962
442,510 WORKMAN MILL RD LA PUENTE CALIF,Commercial,,0,,,
443,1805 COUNTRY KNOLL PL HACIENDA HEIGHTS CA 91745-3251,Single Family Residence,1,"6,473","40,320",1989,2000
444,4620 E 3RD ST LOS ANGELES CA 90022-1615,Commercial,1,"1,008",,1963,1963
445,16341 GREGORIO DR HACIENDA HEIGHTS CA 91745-4936,Single Family Residence,1,"2,060","7,695",1969,1975
446,16311 SANTA BIANCA DR HACIENDA HEIGHTS CA 91745-4902,Single Family Residence,1,"1,720","9,100",1968,1969
447,2402 TEASLEY ST LA CRESCENTA CA 91214-2238,Single Family Residence,1,"1,584","7,810",1955,1970
448,5111 S SHERBOURNE DR LOS ANGELES CA 90056-1125,Single Family Residence,1,"2,998","9,086",1956,1965
449,6121 WOOSTER AVE LOS ANGELES CA 90056-2022,Single Family Residence,1,"2,718","8,436",1960,1963
450,1299 EASTLYN PL PASADENA CA 91104-3310,Single Family Residence,1,"1,950","7,728",1948,1972
451,4911 E SAN MIGUEL ST COMPTON CA 90221-2532,Single Family Residence,1,852,"3,384",1930,1934
452,23310 W PALOMA BLANCA DR MALIBU CA 90265-3021,Single Family Residence,1,"3,467","17,100",1981,1981
453,2621 EL VOLCAN PL HACIENDA HEIGHTS CA 91745-5460,Single Family Residence,1,"3,999","11,760",1962,1981
454,14740 BROADWAY WHITTIER CA 90604-1316,Multi-Family Residence,1,"1,976","14,400",1956,1956
455,2302 TEASLEY ST LA CRESCENTA CA 91214-2222,Single Family Residence,1,"2,460","18,040",1977,1983
456,11933 GRAYLING AVE WHITTIER CA 90604-4117,Single Family Residence,1,"1,427","6,615",1962,1962
457,1706 RADA RD HACIENDA HEIGHTS CA 91745-3748,Single Family Residence,1,"1,614","7,068",1972,1972
458,429 BAUCHET ST LOS ANGELES CA 90012-2985,Other Property Type,,0,,,
459,27011 W AVENUE C6 LANCASTER CA 93536-9222,Single Family Residence,1,"1,247",,1946,1946
460,28951 CRAGS DR MALIBU LAKE CA 91301-2905,Single Family Residence,1,"2,049","6,435",1988,1988
461,15564 LOS ALTOS DR LA PUENTE CA 91745-5215,Single Family Residence,1,"1,995","10,200",1960,1967
462,18465 COLIMA RD LA PUENTE CA 91748-2805,Vacant Land,,0,,,
463,1941 SAMARA DR ROWLAND HEIGHTS CA 91748-2513,Single Family Residence,1,"1,820","9,834",1987,1987
464,16653 SIERRA HWY CANYON COUNTRY CA 91351-1340,Commercial,1,"2,014","13,774",1949,1956
465,9012 GRAHAM AVE LOS ANGELES 02 CALIF,Vacant Land,,0,,,
466,4548 E 2ND ST LOS ANGELE CA 90022-1609,Single Family Residence,1,"1,146","5,360",1950,1953
467,3829 CRESTWAY PL LOS ANGELES CA 90043-1754,Single Family Residence,1,"4,363","9,894",1941,1944
468,14505 PROCTOR AVE INDUSTRY CA 91746-2912,Industrial,0,"177,750","444,015",1968,1968
469,721 COMPTON BLVD RANCHO DOMINGUEZ CA 90220-1103,Industrial,0,1,,1969,
470,23275 BLYTHE ST LOS ANGELES CA 91304-4415,Single Family Residence,1,"2,424","11,220",1965,1965
471,"10777 WILSHIRE BL, 701 LOS ANGELES CA 90211-0000",Condominium,1,"2,560",,2018,2018
472,25259 THE OLD RD NEWHALL CA 91381-2246,Commercial,128,"55,156",,1987,1987
473,9052 CAMINO REAL SAN GABRIEL CA 91775-2008,Single Family Residence,1,"1,970","9,514",1950,1960
474,849 N HUMPHREYS AVE LOS ANGELES CA 90022-1036,Multi-Family Residence,1,384,,1930,1930
475,427 ENCINAL CANYON RD MALIBU CA 90265-2404,Other Property Type,,0,,,
476,17000 ADDISON ST LOS ANGELES CA 91316-3434,Single Family Residence,1,"3,092","5,250",1976,1976
477,736 VALLOMBROSA DR PASADENA CA 91107-5640,Single Family Residence,1,"3,430","25,080",1949,1958
478,27244 MARISA DR CANYON COUNTRY CA 91387-8248,Single Family Residence,1,"1,722","2,904",2003,2003
479,4028 KENWAY AVE LOS ANGELES CA 90008-4808,Single Family Residence,1,"4,106","11,340",1953,1955
480,16540 OLD FOREST RD HACIENDA HEIGHTS CA 91745-3746,Single Family Residence,1,"1,294","5,814",1972,1972
481,14124 AVALON BLVD LOS ANGELES CA 90061-2638,Commercial,0,"1,130",,1974,1981
482,16001 S SAN PEDRO ST GARDENA CA 90248-2557,Industrial,0,"19,095",,1980,1980
483,28001 HARRISON PKWY VALENCIA CA 91355-4190,Industrial,0,"40,049","121,660",2000,2000
484,9225 E AVENUE Q10 LITTLEROCK CA 93543-4016,Single Family Residence,1,"2,047","116,270",1961,1963
485,"1502 BROADWAY, 301 SANTA MONICA CA 90404-2718",Condominium,1,"1,310",,2012,2012
486,1401 LOWER PASEO LA CRESTA PALOS VERDES EST CA 90274-2076,Single Family Residence,1,"3,611","26,600",1973,1973
487,38126 SIERRA HWY PALMDALE CA 93550-4607,Other Property Type,,0,,,
488,3615 THORNDALE RD PASADENA CA 91107-4623,Single Family Residence,1,"1,716","9,100",1938,1960
489,2898 LINDALOA LN PASADENA CA 91107-1126,Single Family Residence,1,"2,349","51,800",1976,1976
490,940 N HICKS AVE LOS ANGELES CA 90063-2704,Single Family Residence,1,"1,272","4,785",1982,1982
491,5529 S VERDUN AVE LOS ANGELES CA 90043-1523,Single Family Residence,1,"2,214","6,630",1938,1942
492,2222 MALI VISTA DR CALABASAS CA 91302-2371,Single Family Residence,,0,,,
493,4010 ROUSSEAU LN PALOS VERDES PNSLA CA 90274-3948,Single Family Residence,1,"3,274","17,064",1972,1985
494,211 W TEMPLE ST LOS ANGELES CA 90012-3205,Other Property Type,0,"413,169",,1924,1960
495,2655 DEL VISTA DR LA PUENTE CA 91745-5244,Single Family Residence,1,"2,461","16,320",1961,1975
496,15855 DEL PRADO DR HACIENDA HEIGHTS CA 91745-5306,Single Family Residence,1,"1,726","12,995",1961,1963
497,19509 E DEXTER ST COVINA CA 91724-3207,Single Family Residence,1,"2,251","12,540",1957,1957
498,24180 VERMONT AVE HARBOR CITY CA 90710-1604,Industrial,1,"129,984",,1965,1975
499,11536 STARLIGHT AVE WHITTIER CA 90604-2524,Single Family Residence,1,"1,176","9,600",1953,1953
500,8346 DUARTE RD SAN GABRIEL CA 91775-1048,Single Family Residence,1,"2,955","10,620",1905,1910
501,10420 ROSE HEDGE DR WHITTIER CA 90606-1252,Single Family Residence,1,"1,348","6,655",1950,1952
502,2368 DONOSA DR ROWLAND HEIGHTS CA 91748-4209,Single Family Residence,1,"1,559","8,733",1962,1962
503,2226 JOAN DR HACIENDA HEIGHTS CA 91745-4125,Single Family Residence,2,"5,072","12,000",1962,1996
504,"3618 W ESTATES LN, NO A PALOS VERDES PNSLA CA 90274-4146",Single Family Residence,1,"1,748",,1975,1975
505,22535 LA QUILLA DR CHATSWORTH CA 91311-1226,Single Family Residence,1,"6,536","113,212",1989,1991
506,20349 LAKE CANYON DR WALNUT CA 91789-3522,Single Family Residence,1,"1,785","12,549",1972,1972
507,17117 HIGHWOOD RD HACIENDA HEIGHTS CA 91745-6757,Single Family Residence,1,"2,183","5,890",1984,1984
508,35408 WYSE RD AGUA DULCA CA 91390-4657,Single Family Residence,1,"2,484","131,010",1953,1996
509,15579 FACILIDAD ST LA PUENTE CA 91745-5204,Single Family Residence,1,"2,485","10,400",1962,1964
510,3764 HUBBARD ST LOS ANGELES CA 90023-1818,Multi-Family Residence,1,"1,084","7,500",1930,1931
511,507 S DARNEY AVE WEST COVINA CA 91792-3102,Single Family Residence,1,"2,270","7,104",1971,1987
512,737 DE LA FUENTE ST MONTEREY PARK CA 91754-2659,Single Family Residence,1,"3,006","6,900",1951,1971
513,"108 W 2ND ST, NO 711 LOS ANGELES CA 90012-1589",Single Family Residence,0,750,,1910,1920
514,7702 1/2 COLUMBIA ST ROSEMEAD CA 91770-2359,Multi-Family Residence,1,"1,476",,1919,1921
515,3845 E 3RD ST LOS ANGELES CA 90063-2444,Commercial,0,"5,840",,1981,1987
516,1901 ALLEN AVE ALTADENA CA 91001-3421,Commercial,0,"8,360",,1986,1986
517,1123 W CARSON ST TORRANCE CA 90502-2018,Commercial,,0,,,
518,18402 DRAGONERA DR ROWLAND HEIGHTS CA 91748-4718,Single Family Residence,1,"2,048","9,660",1963,1965
519,15202 FOLGER ST HACIENDA HEIGHTS CA 91745-2137,Single Family Residence,1,"1,196","6,000",1958,1958
520,28687 DARROW AVE SANTA CLARITA CA 91390-1235,Single Family Residence,1,"2,512","9,940",1989,1989
521,49714 GORMAN SCHOOL RD GORMAN CA 93534-0000,Commercial,1,"3,279","32,670",1994,1997
522,11713 S ST ANDREWS PL LOS ANGELES CA 90047-5152,Single Family Residence,1,"1,552","5,250",1950,1964
523,11235 ARROWOOD ST ARCADIA CA 91006-5907,Single Family Residence,1,"1,331","6,000",1959,1959
524,13252 LITTLEHORN RD ELIZABETH LK CA 93532-1500,Single Family Residence,1,"1,548","7,500",1993,1993
525,14350 VALLEY BLVD LA PUENTE CA 91746-2928,Commercial,0,"2,958","29,865",1986,1986
526,10634 INEZ ST WHITTIER CALIF,Commercial,,0,,,
527,40250 FIELDSPRING ST LAKE L A CA 93591-3022,Single Family Residence,1,"1,846","21,800",1986,1992
528,15711 S LORELLA AVE GARDENA CA 90248-2528,Single Family Residence,1,"1,225","5,150",1959,1959
529,18993 BACHELIN ST ROWLAND HEIGHTS CA 91748-3731,Single Family Residence,1,"2,522","5,640",1969,1981
530,4300 VERONA ST LOS ANGELES CA 90023-2026,Multi-Family Residence,14,"8,305","11,570",1960,1960
531,6714 PARMELEE AVE LOS ANGELES CA 90001-1952,Multi-Family Residence,5,"2,506",,1963,1963
532,3326 RAYMOND AVE ALTADENA CA 91001-4431,Single Family Residence,1,"2,217","7,488",1965,1990
533,26730 EASTVALE RD PALOS VERDES PNSLA CA 90274-0000,Single Family Residence,,0,,,
534,17073 E BELLBROOK ST COVINA CA 91722-2541,Single Family Residence,1,"1,824","7,936",1955,1964
535,18683 MESCALERO ST ROWLAND HEIGHTS CA 91748-3719,Single Family Residence,1,"2,195","8,175",1960,1985
536,1572 N ALTADENA DR PASADENA CA 91107-1439,Single Family Residence,1,"1,910","14,875",1953,2000
537,954 KOLEETA DR HARBOR CITY CA 90710-1818,Single Family Residence,1,"2,190","5,074",1965,1970
538,"44400 15TH ST E, NO 1 LANCASTER CA 93535-3451",Condominium,1,706,,1981,1981
539,20210 ADRIENE WAY SANTA CLARITA CA 91350-3828,Single Family Residence,1,"1,889","5,000",1996,1996
540,8000 MORTON AVE LOS ANGELES CA 90001-3552,Single Family Residence,1,848,"6,000",1905,1912
541,1436 LA RIATA DR LA HABRA HEIGHTS CA 90631-8661,Single Family Residence,1,"5,595","63,700",1949,1972
542,11040 DARLING RD AGUA DULCE CA 91390-4584,Single Family Residence,1,"2,884","107,586",2001,2001
543,4021 LA SALLE AVE LOS ANGELES CA 90062-1716,Multi-Family Residence,2,"1,904","6,500",1923,1926
544,19618 NACORA ST ROWLAND HEIGHTS CA 91748-3135,Single Family Residence,1,"1,771","13,440",1982,1982
545,7533 VAN NUYS BLVD LOS ANGELES CA 91405-1949,Institutional,,0,,,
546,1819 TURNBULL CANYON RD HACIENDA HEIGHTS CA 91745-3257,Single Family Residence,1,"2,966","18,240",1960,1970
547,1336 1/2 W 94TH ST LOS ANGELES CA 90044-1961,Multi-Family Residence,4,"3,453","7,030",1947,1957
548,1473 CARROLL DR ALTADENA CA 91001-2616,Single Family Residence,1,"1,512","9,750",1951,1959
549,1023 W 89TH ST LOS ANGELES CA 90044-3305,Single Family Residence,1,"1,438","6,080",1909,1921
550,2643 S PALM GROVE AVE LOS ANGELES CA 90016-2917,Single Family Residence,1,"1,032","5,200",1924,1924
551,128 W 119TH ST LOS ANGELES CA 90061-1740,Single Family Residence,2,"1,340","6,500",1920,1920
552,3209 LA CIENEGA AVE LOS ANGELES CA 90034-2619,Commercial,0,"1,170",,1956,1960
553,2242 PURDUE AVE LOS ANGELES CA 90064-1610,Industrial,0,"10,177",,1947,1975
554,"17701 AVALON BLVD, SP 408 CARSON* CA 90746-0000",Manufactured Home-In Park,0,"1,840",,,1979
555,15565 OTSEGO ST LOS ANGELES CA 91436-1514,Single Family Residence,1,"1,696","6,600",1959,1959
556,555 W 104TH PL LOS ANGELES CA 90044-4411,Single Family Residence,1,"1,178","4,872",1927,1927
557,15233 VENTURA BLVD LOS ANGELES CA 91403-2201,Commercial,0,"145,919",,1966,1966
558,1250 CAPRI DR LOS ANGELES CA 90272-4001,Recreational,0,"84,752",,1929,1960
559,770 N ALEXANDRIA AVE LOS ANGELES CA 90029-2502,Single Family Residence,1,"1,349","5,529",1919,1919
560,1049 AMOROSO PL LOS ANGELES CA 90291-3943,Single Family Residence,1,"1,416","4,320",1924,1955
561,4743 DUNMAN AVE LOS ANGELES CA 91364-3819,Single Family Residence,1,"2,748","14,535",1965,1965
562,12617 BARBARA ANN ST LOS ANGELES CA 91605-5346,Multi-Family Residence,4,"3,450","6,336",1956,1957
563,1556 E 50TH ST LOS ANGELES CA 90011-4456,Multi-Family Residence,2,535,"5,400",1944,1944
564,10521 AMESTOY AVE LOS ANGELES CA 91344-6202,Single Family Residence,1,"1,106","6,500",1952,1970
565,1888 CENTURY PARK E LOS ANGELES CA 90067-1702,Commercial,0,"528,956","93,600",1970,1970
566,2216 BEVERLY BLVD LOS ANGELES CA 90057-2208,Commercial,0,"8,440",,1929,1950
567,545 SWARTHMORE AVE LOS ANGELES CA 90272-4350,Single Family Residence,1,"1,699","5,000",1928,1945
568,3431 WARWICK AVE LOS ANGELES CA 90032-2329,Multi-Family Residence,1,"1,107","7,500",1920,1926
569,6353 LA MIRADA AVE LOS ANGELES CA 90038-1605,Single Family Residence,1,879,"2,856",1922,1932
570,1636 E 33RD ST LOS ANGELES CA 90011-2249,Single Family Residence,1,"1,056","4,028",1911,1911
571,4707 2ND AVE LOS ANGELES CA 90043-1457,Single Family Residence,1,"1,354","6,500",1914,1955
572,12843 KLING ST LOS ANGELES CA 91604-1146,Multi-Family Residence,15,"14,672",,1978,1978
573,4126 WOODMAN AVE LOS ANGELES CA 91423-4332,Single Family Residence,1,"1,920","8,820",1941,1945
574,3450 AMETHYST ST LOS ANGELES CA 90032-1814,Single Family Residence,1,792,"3,406",1913,1915
575,21411 PRAIRIE ST LOS ANGELES CA 91311-5829,Industrial,1,"93,193",,1979,1979
576,12425 ALLIN ST LOS ANGELES CA 90066-6805,Single Family Residence,1,"1,410","4,880",1972,1975
577,3406 W 27TH ST LOS ANGELES CA 90018-2421,Multi-Family Residence,1,916,"5,880",1922,1961
578,3706 BARRY AVE LOS ANGELES CA 90066-3204,Single Family Residence,1,"1,335","7,248",1938,1944
579,4430 GRIFFIN AVE LOS ANGELES CA 90031-1420,Single Family Residence,1,"2,393","6,250",1910,1913
580,"100 S ALAMEDA ST, NO 236 LOS ANGELES CA 90012-3937",Condominium,1,628,,2005,2005
581,475 HALVERN DR LOS ANGELES CA 90049-2017,Single Family Residence,1,"5,421","14,080",2002,2007
582,420 N SOTO ST LOS ANGELES CA 90033-1817,Institutional,0,"8,614","11,200",1907,1970
583,6050 W SUNSET BLVD LOS ANGELES CA 90028-6433,Industrial,0,"18,126",,1917,1932
584,19120 STAGG ST LOS ANGELES CA 91335-1733,Single Family Residence,1,"1,477","8,160",1956,1956
585,5312 CORTEEN PL LOS ANGELES CA 91607-2597,Multi-Family Residence,23,"26,764",,1959,1959
586,1748 STONER AVE LOS ANGELES CA 90025-1813,Condominium,,0,,,
587,2786 LAUREL CANYON BLVD LOS ANGELES CA 90046-1109,Single Family Residence,1,"1,395","5,880",1961,1962
588,1000 ELYSIAN PARK AVE LOS ANGELES CA 90012-1112,Recreational,,0,,,
589,3310 COY DR LOS ANGELES CA 91423-4528,Single Family Residence,1,"1,402","8,085",1954,1962
590,362 ENTRADA DR LOS ANGELES CA 90402-1202,Single Family Residence,1,"2,791","6,000",1922,1982
591,11140 WICKS ST LOS ANGELES CA 91352-1244,Single Family Residence,1,788,"9,900",1927,1935
592,8262 CLINTON ST LOS ANGELES CA 90048-2243,Single Family Residence,1,"1,750","4,380",1927,1937
593,2416 STANFORD AVE POMONA CA 91766-6454,Single Family Residence,1,"1,176","6,111",1953,1953
594,1163 LA ROSA RD ARCADIA CA 91007-6145,Single Family Residence,1,"2,297","11,550",1952,1954
595,1165 W 37TH PL LOS ANGELES CA 90007-4218,Multi-Family Residence,2,"3,199",,1910,1912
596,580 HOMEWOOD RD LOS ANGELES CA 90049-1906,Single Family Residence,1,"5,603","9,500",2017,2017
597,5302 VIA DONTE LOS ANGELES CA 90292-7287,Single Family Residence,1,"4,485","2,706",1985,1985
598,3644 CARNATION AVE LOS ANGELES CA 90026-1106,Single Family Residence,1,"2,053","5,700",1925,1935
599,5035 TENDILLA AVE LOS ANGELES CA 91364-1826,Single Family Residence,1,"2,665","7,100",2000,2000
600,4715 2ND AVE LOS ANGELES CA 90043-1457,Multi-Family Residence,2,"1,104","6,500",1927,1927
601,16476 REFUGIO RD LOS ANGELES CA 91436-3740,Single Family Residence,1,"3,776","51,250",1961,1983
602,50 LA LINDA DR LONG BEACH CA 90807-3306,Single Family Residence,1,"2,121","8,910",1940,1945
603,11628 CHENAULT ST LOS ANGELES CA 90049-4522,Multi-Family Residence,,0,,,
604,10861 WEYBURN AVE LOS ANGELES CA 90024-2957,Commercial,0,"193,648",,1950,1950
605,1639 SAN ONOFRE DR LOS ANGELES CA 90272-2736,Single Family Residence,,0,"11,340",,
606,4503 E LA CARA ST LONG BEACH CA 90815-2744,Single Family Residence,1,"1,314","6,200",1943,1944
607,4834 EXCELENTE DR LOS ANGELES CA 91364-4009,Single Family Residence,1,"1,594","6,555",1956,1960
608,11840 DOROTHY ST LOS ANGELES CA 90049-5433,Multi-Family Residence,,0,,,
609,2550 AMHERST AVE LOS ANGELES CA 90064-2712,Single Family Residence,1,"1,231","5,280",1937,1937
610,1242 W 36TH ST LOS ANGELES CA 90007-3928,Multi-Family Residence,2,"1,763",,1908,1916
611,3612 S BUDLONG AVE LOS ANGELES CA 90007-3938,Single Family Residence,1,836,"2,080",1908,1908
612,1336 E 21ST ST LOS ANGELES CA 90011-1229,Multi-Family Residence,1,567,"5,800",1946,1948
613,4971 INGLEWOOD BLVD LOS ANGELES CA 90230-5937,Single Family Residence,1,"1,607","6,350",1951,1953
614,501 S BIXEL ST LOS ANGELES CA 90017-2007,Commercial,,0,,,
615,21924 ARMINTA ST LOS ANGELES CA 91304-4848,Single Family Residence,1,"1,358","7,503",1956,1956
616,121 S HOPE ST LOS ANGELES CA 90012-5001,Commercial,0,"26,282",,1980,1980
617,7301 VINELAND AVE LOS ANGELES CA 91352-5012,Multi-Family Residence,6,"4,848",,1956,1956
618,7307 VINELAND AVE LOS ANGELES CA 91352-5014,Multi-Family Residence,6,"4,848",,1956,1956
619,1371 TOWER GROVE DRIVE LOS ANGELES CA 90210-0000,Single Family Residence,1,"4,343","15,080",2009,2009
620,3924 PACHECO DR LOS ANGELES CA 91403-4419,Single Family Residence,1,"2,465","4,686",1990,1990
621,7051 S LA CIENEGA BLVD LOS ANGELES CA 90045-2014,Multi-Family Residence,2,"1,871","7,200",1950,1950
622,448 9TH ST SANTA MONICA CA 90402-1928,Single Family Residence,1,"2,368","7,500",1930,1941
623,3429 7TH AVE LOS ANGELES CA 90018-3344,Single Family Residence,1,"1,340","5,600",1911,1920
624,321 DE LA FUENTE ST MONTEREY PARK CA 91754-2618,Single Family Residence,1,"1,670","8,160",1954,1954
625,2057 W 54TH ST LOS ANGELES CA 90062-2128,Single Family Residence,1,"1,316","5,200",1922,1926
626,5400 W JEFFERSON BLVD LOS ANGELES CA 90016-3716,Industrial,0,"28,800","40,800",1957,1962
627,268 W 10TH ST LOS ANGELES CA 90731-3704,Single Family Residence,1,"1,608","5,000",1903,1903
628,2224 LINCOLN BLVD LOS ANGELES CA 90031-0000,Commercial,0,"3,127","11,200",2002,2002
629,13150 TELFAIR AVE SYLMAR CA,Industrial,,0,,,
630,2322 LA SIERRA WAY CLAREMONT CA 91711-1512,Single Family Residence,1,"1,802","11,316",1964,1964
631,14622 VENTURA BLVD SHERMAN OAKS CA,Commercial,,0,,,
632,2141 CITY VIEW AVE LOS ANGELES CA 90033-1804,Multi-Family Residence,1,840,"5,850",1895,1895
633,20501 NORTHRIDGE RD LOS ANGELES CA 91311-1827,Single Family Residence,1,"3,616","213,950",1973,1973
634,9401 ALCOTT ST LOS ANGELES CA 90035-3113,Multi-Family Residence,,0,,,
635,4501 COLORADO BLVD LOS ANGELES CA 90039-1103,Industrial,0,"61,021",,1934,1956
636,328 LA PALOMA AVE ALHAMBRA CA 91801-3034,Single Family Residence,1,"1,294","6,500",1929,1960
637,5704 W 74TH ST LOS ANGELES CA 90045-1712,Single Family Residence,1,"2,470","8,540",1947,1948
638,19919 RINALDI ST NORTHRIDGE CA 91326-4140,Commercial,0,"4,836",,2002,2002
639,2805 ARLINGTON AVE LOS ANGELES CA 90018-2520,Single Family Residence,1,"1,404","5,360",1910,1910
640,16212 S ORCHARD AVE LOS ANGELES CA 90247-5034,Multi-Family Residence,1,"1,426","12,505",1930,1932
641,1501 E 108TH ST LOS ANGELES CA 90059-1107,Multi-Family Residence,2,"2,646","8,624",1930,1967
642,2823 MANDEVILLE CANYON RD LOS ANGELES CA 90049-1007,Single Family Residence,1,"1,986","16,000",1954,1984
643,1444 GLENVILLE DR LOS ANGELES CA 90035-3120,Single Family Residence,1,"3,424","6,750",1931,1936
644,12601 CHERRYVALE DR LA MIRADA CA 90638-2704,Single Family Residence,1,"1,821","10,011",1961,1966
645,8521 BLERIOT AVE LOS ANGELES CA 90045-3028,Single Family Residence,1,"1,211","6,000",1942,1945
646,935 NAPOLI DR LOS ANGELES CA 90272-4037,Single Family Residence,1,"7,872","13,206",2002,2002
647,19829 LULL ST LOS ANGELES CA 91306-2623,Single Family Residence,1,"2,180","5,671",1978,1978
648,520 S SAN VICENTE BLVD LOS ANGELES CA 90048-4616,Commercial,0,"4,107",,1949,1955
649,1813 W 38TH PL LOS ANGELES CA 90062-1010,Single Family Residence,1,"1,929","5,160",1912,1934
650,1100 NAPOLI DR LOS ANGELES CA 90272-4040,Single Family Residence,1,"6,459","15,400",1986,1999
651,11465 SUNSHINE TER LOS ANGELES CA 91604-3129,Single Family Residence,1,"1,672","4,450",1939,1958
652,1598 ASBURY DR PASADENA CA 91104-3109,Multi-Family Residence,1,"1,258",,1961,1961
653,830 DE LA FUENTE ST MONTEREY PARK CA 91754-4708,Single Family Residence,1,"1,728","9,000",1947,1949
654,3401 S BENTLEY AVE LOS ANGELES CA 90034-6005,Multi-Family Residence,,0,,,
655,1918 ROXBURY DR LOS ANGELES CA 90035-4032,Single Family Residence,,0,,,
656,9350 DE SOTO AVE LOS ANGELES CA 91311-4926,Industrial,0,"35,949",,1986,1987
657,"18604 SHANGRI LA DR, NO 316 SANTA CLARITA CA 91351-3449",Single Family Residence,1,"2,122","2,720",1990,1990
658,15000 OLIVE VIEW DR LOS ANGELES CA 91342-8352,Commercial,0,"3,920",,2007,2007
659,11141 CASHMERE ST LOS ANGELES CA 90049-3233,Single Family Residence,1,"2,688","6,840",1952,1965
660,17455 TRAMONTO DR LOS ANGELES CA 90272-3126,Single Family Residence,1,"5,617",,2006,2006
661,"530 S HEWITT ST, NO 530 LOS ANGELES CA 90013-0000",Condominium,1,"1,160",,,
662,638 SWARTHMORE AVE PACIFIC PALISADES CA 90272-4351,Single Family Residence,1,"2,202","5,772",1949,1965
663,6334 WILSHIRE BLVD LOS ANGELES CA 90048-5002,Commercial,0,"16,527",,1946,1970
664,1821 FAIRBURN AVE LOS ANGELES CA 90025-4903,Vacant Land,,0,,,
665,12050 GUERIN ST LOS ANGELES CA 91604-2009,Multi-Family Residence,,0,,,
666,"1645 N VINE ST, NO 301 LOS ANGELES CA 90028-0000",Single Family Residence,1,900,,1928,1968
667,10407 LANARK ST LOS ANGELES CA 91352-4136,Single Family Residence,1,"1,471","5,610",1944,1964
668,2929 E 14TH ST LONG BEACH CA 90804-2443,Industrial,,0,,,
669,1859 N DITMAN AVE LOS ANGELES CA 90032-3716,Single Family Residence,1,"2,517","6,150",1940,1972
670,6851 AMIGO AVE LOS ANGELES CA 91335-4102,Single Family Residence,1,"1,845","9,700",1940,1960
671,11300 W OLYMPIC BLVD LOS ANGELES CA 90064-1637,Commercial,0,"66,191","19,880",1985,1985
672,14115 VAN NUYS BLVD LOS ANGELES CA 91331-5102,Single Family Residence,1,721,"10,000",1944,1970
673,5165 S VERMONT AVE LOS ANGELES CA 90037-3515,Institutional,0,"4,928",,1923,1930
674,8101 COLEGIO DR LOS ANGELES CA 90045-2401,Single Family Residence,1,"3,891","5,390",2006,2007
675,2367 HOBART BLVD LOS ANGELES CA 90027-0000,Single Family Residence,1,"5,554","32,300",2008,2008
676,2025 S FIGUEROA ST LOS ANGELES CA 90007-1340,Commercial,0,"93,177",,1926,1952
677,10801 KINGSLAND ST LOS ANGELES CA 90034-4411,Single Family Residence,1,"4,580","7,384",2008,2008
678,4970 LA CALANDRIA WAY LOS ANGELES CA 90032-3336,Single Family Residence,1,"1,724","9,150",1992,1992
679,3606 E PARRISH AVE LOS ANGELES CA 90065-3439,Single Family Residence,1,"2,176","4,945",2007,2015
680,3624 E PARRISH AVE LOS ANGELES CA 90065-3439,Single Family Residence,1,"2,130","4,945",2007,2012
681,3614 E PARRISH AVE LOS ANGELES CA 90065-3439,Single Family Residence,1,"2,024","4,945",2007,2015
682,3620 E PARRISH AVE LOS ANGELES CA 90065-0000,Single Family Residence,1,"2,213","4,945",2008,2015
683,3610 E PARRISH AVE LOS ANGELES CA 90065-3439,Single Family Residence,1,"2,160","4,945",2007,2015
684,3618 E PARRISH AVE LOS ANGELES CA 90065-3439,Single Family Residence,1,"2,110","4,945",2007,2015
685,3604 E PARRISH AVE LOS ANGELES CA 90065-0000,Single Family Residence,1,"2,024","4,600",2007,2015
686,3628 E PARRISH AVE LOS ANGELES CA 90065-3439,Single Family Residence,1,"2,145","4,945",2007,2012
687,9694 OAK PASS RD LOS ANGELES CA 90210-1232,Single Family Residence,1,"8,932","61,410",1985,1993
688,"6820 BAIRD AVE, UNIT A LOS ANGELES CA 91335-4116",Condominium,1,927,,1979,1979
689,15836 ACRE ST LOS ANGELES CA 91343-4818,Single Family Residence,1,"2,166","8,160",1960,1960
690,7231 ANATOLA AVE LOS ANGELES CA 91406-2301,Single Family Residence,1,"1,200","6,300",1950,1961
691,11730 GWYNNE LN LOS ANGELES CA 90077-1325,Single Family Residence,1,"2,452","4,641",1990,1990
692,2411 COBHAM CT LOS ANGELES CA 90077-1331,Single Family Residence,1,"2,988","8,856",1991,1991
693,2040 DAVIES WAY LOS ANGELES CA 90046-0000,Single Family Residence,,0,,,
694,4733 SUNSET AVE LA CRESCENTA CA 91214-3149,Single Family Residence,1,"1,488","7,888",1945,1945
695,2410 LILLYVALE AVE LOS ANGELES CA 90032-3514,Industrial,0,"54,000",,1981,1981
696,3253 ROMULUS ST LOS ANGELES CA 90065-4927,Single Family Residence,1,"1,903","8,330",1950,1975
697,560 S ST LOUIS ST LOS ANGELES CA 90033-4390,Commercial,0,"6,323","12,880",1941,1941
698,3655 MAY ST LOS ANGELES CA 90066-3605,Single Family Residence,1,"2,496","5,850",1947,1976
699,"10220 N SAMOA AVE, 101 LOS ANGELES CA 91042-0000",Condominium,1,"1,440",,2009,2009
700,600 S RIDGELEY DR LOS ANGELES CA 90036-3806,Vacant Land,,0,,,
701,"141 N CLARK DR, NO 1 W HOLLYWOOD CA 90048-3067",Condominium,1,"1,522",,1980,1980
702,6360 LA PUNTA DR LOS ANGELES CA 90068-2826,Single Family Residence,1,"7,919","13,920",1989,1989
703,749 AMALFI DR LOS ANGELES CA 90272-4509,Single Family Residence,1,"7,438","17,200",2012,2012
704,4704 S WILTON PL LOS ANGELES CA 90062-1949,Multi-Family Residence,1,610,"6,500",1923,1926
705,1309 LAUREL AVE MANHATTAN BEACH CA 90266-4947,Single Family Residence,1,"2,232",,1976,1976
706,598 W 18TH ST LOS ANGELES CA 90731-5417,Single Family Residence,1,"1,820","5,000",1913,1965
707,701 STONE CANYON RD LOS ANGELES CA 90077-2909,Commercial,0,"19,050",,1933,1957
708,2457 HIDALGO AVE LOS ANGELES CA 90039-3330,Single Family Residence,1,"3,426","5,400",2010,2010
709,400 AMALFI DR LOS ANGELES CA 90272-4501,Single Family Residence,1,"7,192","16,150",2011,2011
710,140 HOMEWOOD RD LOS ANGELES CA 90049-2708,Single Family Residence,1,"6,984","17,550",2012,2012
711,16648 CUMBRE VERDE CT LOS ANGELES CA 90272-1914,Single Family Residence,1,"7,173","15,440",1989,1989
712,460 S SPRING ST LOS ANGELES CA 90013-2005,Commercial,1,"10,450",,1912,1985
713,3584 N FIGUEROA ST LOS ANGELES CA 90065-2443,Single Family Residence,1,914,,1898,1898
714,1875 CENTURY PARK E LOS ANGELES CA 90067-2501,Commercial,0,"440,120",,1980,1980
715,971 YALE ST LOS ANGELES CA 90012-1738,Multi-Family Residence,4,"3,592",,1964,1964
716,"21900 MARYLEE ST, 281 LOS ANGELES CA 91367-4825",Condominium,1,"1,631",,1979,1979
717,"21901 BURBANK BLVD, NO 161 LOS ANGELES CA 91367-6426",Condominium,1,"1,699",,1979,1979
718,940 E 35TH ST LOS ANGELES CA 90011-2806,Multi-Family Residence,1,744,"6,250",1912,1912
719,1900 S SEPULVEDA BLVD LOS ANGELES CA 90025-5659,Commercial,,0,,,
720,8737 VAN NUYS BLVD LOS ANGELES CA 91402-2401,Commercial,0,"5,220",,1966,1966
721,15222 VENTURA BLVD LOS ANGELES CA 91403-3305,Vacant Land,,0,,,
722,4547 LENNOX AVE LOS ANGELES CA 91423-2612,Single Family Residence,1,"1,752","7,740",1946,1950
723,1436 N LA TIJERA BLVD INGLEWOOD CA 90302-1550,Single Family Residence,1,"1,840","6,710",1948,1971
724,17235 STAGG ST LOS ANGELES CA 91406-1609,Single Family Residence,1,"1,541","6,500",1954,1956
725,1053 S VICTORIA AVE LOS ANGELES CA 90019-1924,Single Family Residence,1,"3,270","8,600",1921,2013
726,3425 MOTOR AVE LOS ANGELES CA 90034-4517,Commercial,115,"73,503","31,950",2014,2014
727,6500 WILSHIRE BLVD LOS ANGELES CA 90048-4920,Commercial,0,"476,779",,1986,1986
728,5455 SYLMAR AVE LOS ANGELES CA 91401-5100,Condominium,1,"1,376",,1989,1989
729,18555 VENTURA BLVD LOS ANGELES CA 91356-4101,Commercial,0,"11,146",,1947,1949
730,10110 CIELO DR LOS ANGELES CA 90210-2037,Single Family Residence,1,"3,017","23,985",2015,2015
731,446 MAIN ST EL SEGUNDO CA 90245-3002,Commercial,0,"1,920",,1955,1955
732,1646 S NEW HAMPSHIRE AVE LOS ANGELES CA 90006-4514,Single Family Residence,1,983,"2,425",1905,1905
733,4230 MCCLUNG DR LOS ANGELES CA 90008-4417,Single Family Residence,1,"1,779","5,293",1935,1936
734,8288 PRESSON PL LOS ANGELES CA 90069-1628,Single Family Residence,1,"2,652","3,900",1926,1944
735,5224 VILLAGE GRN LOS ANGELES CA 90016-5208,Single Family Residence,1,"1,100",,1942,1951
736,5176 VILLAGE GRN LOS ANGELES CA 90016-5206,Single Family Residence,1,745,,1942,1951
737,12012 NEENACH ST LOS ANGELES CA 91352-3016,Single Family Residence,1,"1,377","7,500",1947,1950
738,901 W OLYMPIC BLVD LOS ANGELES CA 90015-1327,Commercial,,0,,,
739,16471 DORADO DR LOS ANGELES CA 91436-4117,Single Family Residence,1,"3,526","21,392",1965,1988
740,19524 MOBILE ST LOS ANGELES CA 91335-5732,Single Family Residence,1,"1,419","6,600",1956,1975
741,818 N MELROSE HILL LOS ANGELES CA 90029-3714,Single Family Residence,1,"1,901","6,050",1920,1920
742,5318 ENCINO AVE LOS ANGELES CA 91316-2526,Single Family Residence,1,"4,745","22,330",1960,1969
743,814 N OXFORD AVE LOS ANGELES CA 90029-3720,Single Family Residence,1,"2,955","6,000",1919,2000
744,23456 HAYNES ST LOS ANGELES CA 91307-3318,Single Family Residence,1,"1,670","7,750",1959,1976
745,6318 W QUEBEC DR LOS ANGELES CA 90068-0000,Single Family Residence,1,"3,649","4,424",2015,2015
746,1765 EFFIE ST LOS ANGELES CA 90026-1703,Single Family Residence,1,"1,318","5,580",1907,2005
747,5311 CRENSHAW BLVD LOS ANGELES CA 90043-1809,Vacant Land,,0,,,
748,2624 NAPLES AVE LOS ANGELES CA 90291-4950,Single Family Residence,1,"3,965","6,204",2016,2016
749,5817 W 78TH PL LOS ANGELES CA 90045-3153,Single Family Residence,1,"1,896","5,740",1950,1968
750,4849 PLACIDIA AVE LOS ANGELES CA 91601-4833,Single Family Residence,1,"2,261","7,155",1941,1998
751,811 N OCCIDENTAL BLVD LOS ANGELES CA 90026-2925,Single Family Residence,1,"2,008","7,500",1909,1909
752,281 LA FOLLETTE DR LOS ANGELES CA 90042-2992,Single Family Residence,1,"2,113","5,311",1923,1962
753,1922 E 103RD ST LOS ANGELES CA 90002-3122,Commercial,1,"1,374","9,750",1924,1924
754,6600 TOPANGA CANYON BLVD LOS ANGELES CA 91303-2609,Commercial,,0,,,
755,12838 SATICOY ST LOS ANGELES CA 91605-3505,Industrial,0,"52,704","270,280",1954,1954
756,18340 ARMINTA ST LOS ANGELES CA 91335-2010,Single Family Residence,1,"2,552","21,900",1940,1981
757,1088 N KENTER AVE LOS ANGELES CA 90049-1336,Single Family Residence,1,"2,238","8,600",1955,1957
758,6615 LEMONA AVE LOS ANGELES CA 91405-4531,Single Family Residence,1,"1,733","8,100",1950,1990
759,3481 W OLYMPIC BLVD LOS ANGELES CA 90019-2125,Commercial,0,"2,805","22,660",1985,1985
760,11176 BRADLEY AVE LOS ANGELES CA 91331-2405,Industrial,0,"30,775",,1972,1972
761,333 UNIVERSAL HOLLYWOOD DR LOS ANGELES CA 91608-1095,Commercial,0,"302,399",,1968,1968
762,14434 LA FORGE ST WHITTIER CA 90603-1853,Single Family Residence,1,901,"6,048",1950,1950
763,245 W 13TH ST LOS ANGELES CA 90731-4311,Multi-Family Residence,1,"1,585","5,000",1907,1950
764,12361 FOOTHILL BLVD SUNLAND CA 91040-0000,Industrial,,0,,,
765,12331 FOOTHILL BLVD LOS ANGELES CA 91342-6003,Industrial,0,"38,792",,1979,1979
766,12285 BRANFORD ST LOS ANGELES CA 91352-1010,Industrial,0,"8,400",,1952,1955
767,12239 FOOTHILL BLVD LOS ANGELES CA 91342-6002,Industrial,0,"41,440",,1979,1979
768,1224 BEVERWIL DR LOS ANGELES CA 90035-1108,Commercial,0,"6,600",,1967,1967
769,1129 S LA VERNE AVE LOS ANGELES CA 90022-3829,Single Family Residence,1,700,"3,232",1924,1925
770,6633 WOODMAN AVE LOS ANGELES CA 91401-1029,Multi-Family Residence,24,"14,614",,1961,1961
771,12878 SUNBURST ST LOS ANGELES CA 91331-3310,Single Family Residence,1,"1,142","7,155",1952,1952
772,12820 PIERCE ST LOS ANGELES CA 91331-2524,Industrial,0,"134,910",,1979,1979
773,11670 DUQUE DR LOS ANGELES CA 91604-4209,Single Family Residence,1,"3,861","16,500",1972,1978
774,418 N AVENUE 63 LOS ANGELES CA 90042-2812,Single Family Residence,1,825,"1,600",1910,1920
775,3680 WILSHIRE BLVD LOS ANGELES 05 CALIF,Commercial,,0,,,
776,1106 COLORADO BLVD LOS ANGELES CA 90041-2504,Commercial,1,"1,164",,1981,1981
777,2523 WILD OAK DR LOS ANGELES CA 90068-2562,Single Family Residence,1,"2,705","7,676",1960,1960
778,517 N HARVARD BLVD LOS ANGELES CA 90004-1906,Multi-Family Residence,9,"6,929","7,500",2018,2018
779,2709 OCEAN FRONT WALK LOS ANGELES CA 90291-4310,Single Family Residence,1,"3,797","2,520",2021,2021
780,"320 E STOCKER ST, UNIT 318 GLENDALE CA 91207-1356",Condominium,1,"1,353",,1975,1978
781,10730 STALLION RANCH RD LOS ANGELES CA 91040-0000,Single Family Residence,1,"5,453","211,200",2012,2012
782,2525 3RD AVE LOS ANGELES CA 90018-1817,Multi-Family Residence,2,"2,802",,1906,1915
783,555 S MATEO ST LOS ANGELES CA 90013-0000,Commercial,0,"42,245",,1970,1995
784,12721 BRADLEY AVE LOS ANGELES CA 91342-4612,Multi-Family Residence,1,"1,134","14,628",1952,2000
785,2848 1/2 GRIFFIN AVE LOS ANGELES CA 90031-2036,Single Family Residence,1,"1,942",,2019,2019
786,2846 1/2 GRIFFIN AVE LOS ANGELES CA 90031-2036,Single Family Residence,1,"1,942",,2019,2019
787,8520 VENICE BLVD LOS ANGELES CA 90034-2549,Commercial,,0,,,
788,11845 HARTSOOK ST LOS ANGELES CA 91607-3215,Single Family Residence,1,"1,771","7,800",1936,2010
789,12445 DENHOLM DR EL MONTE CA 91732-3615,Vacant Land,,0,,,
790,"10350 WILSHIRE BLVD, PH 3 LOS ANGELES CA 90024-4767",Condominium,1,"2,392",,1982,1982
791,5563 VIA MARISOL LOS ANGELES CA 90042-4801,Multi-Family Residence,3,"1,718","5,600",1938,1938
792,9231 LA ROSA DR TEMPLE CITY CA 91780-3732,Single Family Residence,1,"2,070","6,262",1952,1964
793,977 N BROADWAY LOS ANGELES CA 90012-1737,Commercial,0,"65,094","15,900",1983,1983
794,767 E LA VERNE AVE POMONA CA 91767-2813,Single Family Residence,1,"1,125","6,000",1956,1956
795,2804 LONDON ST LOS ANGELES CA 90026-3830,Single Family Residence,1,870,"3,675",1954,1960
796,783 N BEL AIR ROAD LOS ANGELES CA 90077-0000,Vacant Land,,0,,,
797,6647 W 82ND ST LOS ANGELES CA 90045-2828,Single Family Residence,1,"1,966","6,120",1944,1965
798,1043 BUNDY DR LOS ANGELES CA 90049-0000,Single Family Residence,1,"7,726","29,700",1995,2002
799,3554 SCADLOCK LN LOS ANGELES CA 91403-4316,Single Family Residence,1,"3,286","15,048",1958,1987
800,"629 S AVENUE 60, NO 60 LOS ANGELES CA 90042-4304",Single Family Residence,1,628,"5,600",1912,1923
801,8415 WYNGATE ST LOS ANGELES CA 91040-3021,Multi-Family Residence,3,"2,165",,1954,1954
802,6447 ORANGE ST LOS ANGELES CA 90048-4758,Multi-Family Residence,8,"8,862",,1930,1930
803,2237 LA SIERRA WAY CLAREMONT CA 91711-1511,Single Family Residence,1,"1,937","13,132",1967,1967
804,122 BREEZE AVE LOS ANGELES CA 90291-3331,Single Family Residence,1,912,"2,250",1912,1965
805,1825 N LAS PALMAS AVE LOS ANGELES CA 90028-4505,Multi-Family Residence,118,"168,561",,2019,2019
806,"420 S SAN PEDRO ST, NO 420 LOS ANGELES CA 90013-2192",Condominium,0,"1,140",,1922,1993
807,2427 GATEWOOD ST LOS ANGELES CA 90031-1235,Multi-Family Residence,2,"1,546",,1923,1939
808,410 N ROSSMORE AVE LOS ANGELES CA 90004-2416,Multi-Family Residence,78,"65,133","35,000",1930,1942
809,607 S PARK VIEW ST LOS ANGELES CA 90057-3311,Recreational,0,"184,299",,1926,1926
810,"1019 W LANCASTER BLVD, 20 LANCASTER CA 93534-2317",Commercial,0,"8,000","17,080",1982,1982
811,850 CALLE LA PRIMAVERA GLENDALE CA 91208-3027,Single Family Residence,1,"1,548","4,635",1993,1993
812,1800 AVENUE OF THE STARS LOS ANGELES CA 90067-4201,Commercial,0,"302,550",,1963,
813,8555 HEDGES PL LOS ANGELES CA 90069-1410,Single Family Residence,1,"3,776","60,671",1939,1950
814,"801 S HOPE ST, 801 LOS ANGELES 90017-4611",Multi-Family Residence,1,810,,2014,2014
815,11262 ARMINTA ST LOS ANGELES CA 91352-4413,Single Family Residence,1,"1,304","5,500",1954,1954
816,2523 W AVENUE 35 LOS ANGELES CA 90065-2808,Single Family Residence,1,"1,068","4,800",1921,1954
817,18703 SUNBURST ST LOS ANGELES CA 91324-3828,Single Family Residence,1,"1,479","6,050",1952,1973
818,2405 BIRKDALE ST LOS ANGELES CA 90031-1003,Single Family Residence,1,"1,329","4,600",1920,1970
